life_id,title,category,category_name,applies_to,applies_to_note,life_stage,stage_note,requires,requires_note,triggers,trigger_count,culture,tier,scope_note,era_start,era_end,joy_1_5,frequency_1_5,cost_money_usd_low,cost_money_usd_high,time_days_low,time_days_high,restores_energy_1_5,evidence,confidence,summary,detail_file,detail_count
FOO-001,Mango in season,FOO,"Food, cooking, and eating it with people",anyone,"Available to essentially anyone, anywhere",any,Any age,none,Needs nothing but being alive and present,,0,NG,primary,,2000,2026,4,4,0,3,0,0,4,estimate,low,"It is available for a few weeks and then it is not. The season is short and everyone knows when it starts. Costs almost nothing, needs no permission from anybody, and is one of the few good things in this dataset that nothing can attach to.",details/FOO-001.csv,5
FOO-002,Guava in season,FOO,"Food, cooking, and eating it with people",anyone,"Available to essentially anyone, anywhere",any,Any age,none,Needs nothing but being alive and present,,0,NG,primary,,2000,2026,4,4,0,3,0,0,4,estimate,low,"It is available for a few weeks and then it is not. Picked off the tree in the compound, still warm. Costs almost nothing, needs no permission from anybody, and is one of the few good things in this dataset that nothing can attach to.",details/FOO-002.csv,5
FOO-003,Agbalumo in season,FOO,"Food, cooking, and eating it with people",anyone,"Available to essentially anyone, anywhere",any,Any age,none,Needs nothing but being alive and present,,0,NG,primary,,2000,2026,4,4,0,3,0,0,4,estimate,low,"It is available for a few weeks and then it is not. African star apple, sour then sweet, stains your fingers. Costs almost nothing, needs no permission from anybody, and is one of the few good things in this dataset that nothing can attach to.",details/FOO-003.csv,5
FOO-004,Pomegranate in season,FOO,"Food, cooking, and eating it with people",anyone,"Available to essentially anyone, anywhere",any,Any age,none,Needs nothing but being alive and present,,0,IR,primary,,2000,2026,4,4,0,3,0,0,4,estimate,low,"It is available for a few weeks and then it is not. Seeded over a bowl, an hour's work for ten minutes' eating. Costs almost nothing, needs no permission from anybody, and is one of the few good things in this dataset that nothing can attach to.",details/FOO-004.csv,5
FOO-005,Watermelon in season,FOO,"Food, cooking, and eating it with people",anyone,"Available to essentially anyone, anywhere",any,Any age,none,Needs nothing but being alive and present,,0,IR,primary,,2000,2026,4,4,0,3,0,0,4,estimate,low,"It is available for a few weeks and then it is not. Cut on the floor on the longest night of the year. Costs almost nothing, needs no permission from anybody, and is one of the few good things in this dataset that nothing can attach to.",details/FOO-005.csv,5
FOO-006,Persimmon in season,FOO,"Food, cooking, and eating it with people",anyone,"Available to essentially anyone, anywhere",any,Any age,none,Needs nothing but being alive and present,,0,IR,primary,,2000,2026,4,4,0,3,0,0,4,estimate,low,"It is available for a few weeks and then it is not. Soft enough to eat with a spoon, gone in a week. Costs almost nothing, needs no permission from anybody, and is one of the few good things in this dataset that nothing can attach to.",details/FOO-006.csv,5
FOO-007,Fig in season,FOO,"Food, cooking, and eating it with people",anyone,"Available to essentially anyone, anywhere",any,Any age,none,Needs nothing but being alive and present,,0,PS,primary,,2000,2026,4,4,0,3,0,0,4,estimate,low,"It is available for a few weeks and then it is not. Eaten standing under the tree, warm from the sun. Costs almost nothing, needs no permission from anybody, and is one of the few good things in this dataset that nothing can attach to.",details/FOO-007.csv,5
FOO-008,Date in season,FOO,"Food, cooking, and eating it with people",anyone,"Available to essentially anyone, anywhere",any,Any age,none,Needs nothing but being alive and present,,0,PS,primary,,2000,2026,4,4,0,3,0,0,4,estimate,low,"It is available for a few weeks and then it is not. From the palm at the edge of the plot, sticky and dense. Costs almost nothing, needs no permission from anybody, and is one of the few good things in this dataset that nothing can attach to.",details/FOO-008.csv,5
FOO-009,Prickly pear in season,FOO,"Food, cooking, and eating it with people",anyone,"Available to essentially anyone, anywhere",any,Any age,none,Needs nothing but being alive and present,,0,PS,primary,,2000,2026,4,4,0,3,0,0,4,estimate,low,"It is available for a few weeks and then it is not. Sabr - peeled carefully, because everyone has been caught once. Costs almost nothing, needs no permission from anybody, and is one of the few good things in this dataset that nothing can attach to.",details/FOO-009.csv,5
FOO-010,Orange in season,FOO,"Food, cooking, and eating it with people",anyone,"Available to essentially anyone, anywhere",any,Any age,none,Needs nothing but being alive and present,,0,*,primary,,2000,2026,4,4,0,3,0,0,4,estimate,low,"It is available for a few weeks and then it is not. Peeled in one piece if you are good at it. Costs almost nothing, needs no permission from anybody, and is one of the few good things in this dataset that nothing can attach to.",details/FOO-010.csv,5
FOO-011,Cherry in season,FOO,"Food, cooking, and eating it with people",anyone,"Available to essentially anyone, anywhere",any,Any age,none,Needs nothing but being alive and present,,0,*,primary,,2000,2026,4,4,0,3,0,0,4,estimate,low,"It is available for a few weeks and then it is not. Bought by weight, eaten faster than intended. Costs almost nothing, needs no permission from anybody, and is one of the few good things in this dataset that nothing can attach to.",details/FOO-011.csv,5
FOO-012,Mulberry in season,FOO,"Food, cooking, and eating it with people",anyone,"Available to essentially anyone, anywhere",any,Any age,none,Needs nothing but being alive and present,,0,*,primary,,2000,2026,4,4,0,3,0,0,4,estimate,low,"It is available for a few weeks and then it is not. Straight off the branch, purple hands for the afternoon. Costs almost nothing, needs no permission from anybody, and is one of the few good things in this dataset that nothing can attach to.",details/FOO-012.csv,5
FOO-013,Melon in season,FOO,"Food, cooking, and eating it with people",anyone,"Available to essentially anyone, anywhere",any,Any age,none,Needs nothing but being alive and present,,0,*,primary,,2000,2026,4,4,0,3,0,0,4,estimate,low,"It is available for a few weeks and then it is not. Cold, cut into a grid, eaten off the skin. Costs almost nothing, needs no permission from anybody, and is one of the few good things in this dataset that nothing can attach to.",details/FOO-013.csv,5
FOO-014,Banana in season,FOO,"Food, cooking, and eating it with people",anyone,"Available to essentially anyone, anywhere",any,Any age,none,Needs nothing but being alive and present,,0,*,primary,,2000,2026,4,4,0,3,0,0,4,estimate,low,"It is available for a few weeks and then it is not. Two for a small coin, and a whole afternoon fixed. Costs almost nothing, needs no permission from anybody, and is one of the few good things in this dataset that nothing can attach to.",details/FOO-014.csv,5
FOO-015,Jollof rice,FOO,"Food, cooking, and eating it with people",most,"Available to most people, given ordinary circumstances",any,Any age,others,Needs at least one other person,power,1,NG,primary,,2000,2026,4,4,2,40,0,0,4,estimate,low,"The pot everyone has an opinion about. A cooked thing, made or bought, and mostly the point is who is at the table rather than what is on it.",details/FOO-015.csv,5
FOO-016,Egusi and pounded yam,FOO,"Food, cooking, and eating it with people",most,"Available to most people, given ordinary circumstances",any,Any age,others,Needs at least one other person,power,1,NG,primary,,2000,2026,4,4,2,40,0,0,4,estimate,low,"Made properly, it takes the afternoon. A cooked thing, made or bought, and mostly the point is who is at the table rather than what is on it.",details/FOO-016.csv,5
FOO-017,Suya at night,FOO,"Food, cooking, and eating it with people",most,"Available to most people, given ordinary circumstances",any,Any age,money_small,Needs a small amount of money,money,1,NG,primary,,2000,2026,4,4,2,40,0,0,4,estimate,low,"Bought at a roadside grill after dark. A cooked thing, made or bought, and mostly the point is who is at the table rather than what is on it.",details/FOO-017.csv,5
FOO-018,Pepper soup,FOO,"Food, cooking, and eating it with people",most,"Available to most people, given ordinary circumstances",any,Any age,none,Needs nothing but being alive and present,,0,NG,primary,,2000,2026,4,4,2,40,0,0,4,estimate,low,"Made when somebody is ill, or cold, or sad. A cooked thing, made or bought, and mostly the point is who is at the table rather than what is on it.",details/FOO-018.csv,5
FOO-019,Puff-puff,FOO,"Food, cooking, and eating it with people",most,"Available to most people, given ordinary circumstances",any,Any age,none,Needs nothing but being alive and present,,0,NG,primary,,2000,2026,4,4,2,40,0,0,4,estimate,low,"Fried in batches, eaten faster than they cool. A cooked thing, made or bought, and mostly the point is who is at the table rather than what is on it.",details/FOO-019.csv,5
FOO-020,Moi moi,FOO,"Food, cooking, and eating it with people",most,"Available to most people, given ordinary circumstances",any,Any age,time,Needs a quantity of uninterrupted time,work;power,2,NG,primary,,2000,2026,4,4,2,40,0,0,4,estimate,low,"Steamed in leaves, and the leaves matter. A cooked thing, made or bought, and mostly the point is who is at the table rather than what is on it.",details/FOO-020.csv,5
FOO-021,Ghormeh sabzi,FOO,"Food, cooking, and eating it with people",most,"Available to most people, given ordinary circumstances",any,Any age,time,Needs a quantity of uninterrupted time,work;power,2,IR,primary,,2000,2026,4,4,2,40,0,0,4,estimate,low,"Herbs, slow, and better the next day. A cooked thing, made or bought, and mostly the point is who is at the table rather than what is on it.",details/FOO-021.csv,5
FOO-022,Tahdig,FOO,"Food, cooking, and eating it with people",most,"Available to most people, given ordinary circumstances",any,Any age,others,Needs at least one other person,power,1,IR,primary,,2000,2026,4,4,2,40,0,0,4,estimate,low,"The crisp layer at the bottom, fought over politely. A cooked thing, made or bought, and mostly the point is who is at the table rather than what is on it.",details/FOO-022.csv,5
FOO-023,Ash-e reshteh,FOO,"Food, cooking, and eating it with people",most,"Available to most people, given ordinary circumstances",any,Any age,others,Needs at least one other person,power,1,IR,primary,,2000,2026,4,4,2,40,0,0,4,estimate,low,"Made in quantity, for people who turn up. A cooked thing, made or bought, and mostly the point is who is at the table rather than what is on it.",details/FOO-023.csv,5
FOO-024,Kabab with raw onion,FOO,"Food, cooking, and eating it with people",most,"Available to most people, given ordinary circumstances",any,Any age,money_small,Needs a small amount of money,money,1,IR,primary,,2000,2026,4,4,2,40,0,0,4,estimate,low,"Off a skewer, with flatbread and sumac. A cooked thing, made or bought, and mostly the point is who is at the table rather than what is on it.",details/FOO-024.csv,5
FOO-025,Faloodeh,FOO,"Food, cooking, and eating it with people",most,"Available to most people, given ordinary circumstances",any,Any age,money_small,Needs a small amount of money,money,1,IR,primary,,2000,2026,4,4,2,40,0,0,4,estimate,low,"Rosewater, noodles, ice, and lime. A cooked thing, made or bought, and mostly the point is who is at the table rather than what is on it.",details/FOO-025.csv,5
FOO-026,Musakhan,FOO,"Food, cooking, and eating it with people",most,"Available to most people, given ordinary circumstances",any,Any age,others,Needs at least one other person,power,1,PS,primary,,2000,2026,4,4,2,40,0,0,4,estimate,low,"Chicken, olive oil, sumac, on taboun bread. A cooked thing, made or bought, and mostly the point is who is at the table rather than what is on it.",details/FOO-026.csv,5
FOO-027,Maqluba,FOO,"Food, cooking, and eating it with people",most,"Available to most people, given ordinary circumstances",any,Any age,others,Needs at least one other person,power,1,PS,primary,,2000,2026,4,4,2,40,0,0,4,estimate,low,"Flipped out of the pot at the table, to applause or silence. A cooked thing, made or bought, and mostly the point is who is at the table rather than what is on it.",details/FOO-027.csv,5
FOO-028,Knafeh,FOO,"Food, cooking, and eating it with people",most,"Available to most people, given ordinary circumstances",any,Any age,money_small,Needs a small amount of money,money,1,PS,primary,,2000,2026,4,4,2,40,0,0,4,estimate,low,"Orange, hot, stringy, shared standing up. A cooked thing, made or bought, and mostly the point is who is at the table rather than what is on it.",details/FOO-028.csv,5
FOO-029,Taboun bread with za'atar,FOO,"Food, cooking, and eating it with people",most,"Available to most people, given ordinary circumstances",any,Any age,none,Needs nothing but being alive and present,,0,PS,primary,,2000,2026,4,4,2,40,0,0,4,estimate,low,"Warm, with oil, for breakfast. A cooked thing, made or bought, and mostly the point is who is at the table rather than what is on it.",details/FOO-029.csv,5
FOO-030,Maltout,FOO,"Food, cooking, and eating it with people",most,"Available to most people, given ordinary circumstances",any,Any age,none,Needs nothing but being alive and present,,0,PS,primary,,2000,2026,4,4,2,40,0,0,4,estimate,low,"Flatbread with olive oil, eaten during the harvest. A cooked thing, made or bought, and mostly the point is who is at the table rather than what is on it.",details/FOO-030.csv,5
FOO-031,Thanksgiving leftovers,FOO,"Food, cooking, and eating it with people",most,"Available to most people, given ordinary circumstances",any,Any age,none,Needs nothing but being alive and present,,0,US,primary,,2000,2026,4,4,2,40,0,0,4,estimate,low,"Better than the meal, eaten from the fridge. A cooked thing, made or bought, and mostly the point is who is at the table rather than what is on it.",details/FOO-031.csv,5
FOO-032,A diner breakfast,FOO,"Food, cooking, and eating it with people",most,"Available to most people, given ordinary circumstances",any,Any age,money_small,Needs a small amount of money,money,1,US,primary,,2000,2026,4,4,2,40,0,0,4,estimate,low,"Eggs, coffee refilled without asking. A cooked thing, made or bought, and mostly the point is who is at the table rather than what is on it.",details/FOO-032.csv,5
FOO-033,Barbecue in a yard,FOO,"Food, cooking, and eating it with people",most,"Available to most people, given ordinary circumstances",any,Any age,others,Needs at least one other person,power,1,US,primary,,2000,2026,4,4,2,40,0,0,4,estimate,low,"Somebody's uncle is in charge and will not be moved. A cooked thing, made or bought, and mostly the point is who is at the table rather than what is on it.",details/FOO-033.csv,5
FOO-034,Soup someone dropped off,FOO,"Food, cooking, and eating it with people",most,"Available to most people, given ordinary circumstances",any,Any age,others,Needs at least one other person,power,1,*,primary,,2000,2026,4,4,2,40,0,0,4,estimate,low,"Left on the step when you were unwell. A cooked thing, made or bought, and mostly the point is who is at the table rather than what is on it.",details/FOO-034.csv,5
FOO-035,Bread out of the oven,FOO,"Food, cooking, and eating it with people",most,"Available to most people, given ordinary circumstances",any,Any age,time,Needs a quantity of uninterrupted time,work;power,2,*,primary,,2000,2026,4,4,2,40,0,0,4,estimate,low,"Cut too early, on purpose. A cooked thing, made or bought, and mostly the point is who is at the table rather than what is on it.",details/FOO-035.csv,5
FOO-036,"Tea, properly made",FOO,"Food, cooking, and eating it with people",most,"Available to most people, given ordinary circumstances",any,Any age,none,Needs nothing but being alive and present,,0,*,primary,,2000,2026,4,4,2,40,0,0,4,estimate,low,"By somebody who knows how you take it. A cooked thing, made or bought, and mostly the point is who is at the table rather than what is on it.",details/FOO-036.csv,5
FOO-037,The meal after a fast,FOO,"Food, cooking, and eating it with people",most,"Available to most people, given ordinary circumstances",any,Any age,others,Needs at least one other person,power,1,*,primary,,2000,2026,4,4,2,40,0,0,4,estimate,low,"The first mouthful is not really about food. A cooked thing, made or bought, and mostly the point is who is at the table rather than what is on it.",details/FOO-037.csv,5
FOO-038,Street food at 2am,FOO,"Food, cooking, and eating it with people",most,"Available to most people, given ordinary circumstances",any,Any age,money_small,Needs a small amount of money,money,1,*,primary,,2000,2026,4,4,2,40,0,0,4,estimate,low,"Eaten standing, and it is never that good in daylight. A cooked thing, made or bought, and mostly the point is who is at the table rather than what is on it.",details/FOO-038.csv,5
FOO-039,Sunday lunch that runs to five o'clock,FOO,"Food, cooking, and eating it with people",most,"Available to most people, given ordinary circumstances",any,Any age,others,Needs at least one other person,,0,*,primary,,2000,2026,5,3,0,60,0,0,5,estimate,low,"A meal defined by its circumstances rather than its contents. This is the category the longitudinal research keeps pointing at: not what was eaten, but who was there and whether you felt safe.",details/FOO-039.csv,5
FOO-040,Eating standing up in a kitchen with one other person,FOO,"Food, cooking, and eating it with people",most,"Available to most people, given ordinary circumstances",any,Any age,others,Needs at least one other person,,0,*,primary,,2000,2026,4,3,0,60,0,0,5,estimate,low,"A meal defined by its circumstances rather than its contents. This is the category the longitudinal research keeps pointing at: not what was eaten, but who was there and whether you felt safe.",details/FOO-040.csv,5
FOO-041,A meal cooked for you when you were ill,FOO,"Food, cooking, and eating it with people",most,"Available to most people, given ordinary circumstances",any,Any age,others,Needs at least one other person,,0,*,primary,,2000,2026,5,3,0,60,0,0,5,estimate,low,"A meal defined by its circumstances rather than its contents. This is the category the longitudinal research keeps pointing at: not what was eaten, but who was there and whether you felt safe.",details/FOO-041.csv,5
FOO-042,Breaking a fast with a room full of people,FOO,"Food, cooking, and eating it with people",most,"Available to most people, given ordinary circumstances",any,Any age,others,Needs at least one other person,,0,*,primary,,2000,2026,5,3,0,60,0,0,5,estimate,low,"A meal defined by its circumstances rather than its contents. This is the category the longitudinal research keeps pointing at: not what was eaten, but who was there and whether you felt safe.",details/FOO-042.csv,5
FOO-043,Feeding someone who turned up unannounced,FOO,"Food, cooking, and eating it with people",most,"Available to most people, given ordinary circumstances",any,Any age,others,Needs at least one other person,,0,*,primary,,2000,2026,4,3,0,60,0,0,5,estimate,low,"A meal defined by its circumstances rather than its contents. This is the category the longitudinal research keeps pointing at: not what was eaten, but who was there and whether you felt safe.",details/FOO-043.csv,5
FOO-044,"The first meal in a new home, off boxes",FOO,"Food, cooking, and eating it with people",most,"Available to most people, given ordinary circumstances",any,Any age,others,Needs at least one other person,,0,*,primary,,2000,2026,5,3,0,60,0,0,5,estimate,low,"A meal defined by its circumstances rather than its contents. This is the category the longitudinal research keeps pointing at: not what was eaten, but who was there and whether you felt safe.",details/FOO-044.csv,5
FOO-045,"Eating alone, well, on purpose",FOO,"Food, cooking, and eating it with people",most,"Available to most people, given ordinary circumstances",any,Any age,none,Needs nothing but being alive and present,,0,*,primary,,2000,2026,4,3,0,60,0,0,5,estimate,low,"A meal defined by its circumstances rather than its contents. This is the category the longitudinal research keeps pointing at: not what was eaten, but who was there and whether you felt safe.",details/FOO-045.csv,5
FOO-046,A shared plate where nobody is counting,FOO,"Food, cooking, and eating it with people",most,"Available to most people, given ordinary circumstances",any,Any age,others,Needs at least one other person,,0,*,primary,,2000,2026,4,3,0,60,0,0,5,estimate,low,"A meal defined by its circumstances rather than its contents. This is the category the longitudinal research keeps pointing at: not what was eaten, but who was there and whether you felt safe.",details/FOO-046.csv,5
FOO-047,"Leftovers at midnight, standing at the fridge",FOO,"Food, cooking, and eating it with people",most,"Available to most people, given ordinary circumstances",any,Any age,none,Needs nothing but being alive and present,,0,*,primary,,2000,2026,3,3,0,60,0,0,5,estimate,low,"A meal defined by its circumstances rather than its contents. This is the category the longitudinal research keeps pointing at: not what was eaten, but who was there and whether you felt safe.",details/FOO-047.csv,5
FOO-048,"The meal after a funeral, where people finally laugh",FOO,"Food, cooking, and eating it with people",most,"Available to most people, given ordinary circumstances",any,Any age,others,Needs at least one other person,,0,*,primary,,2000,2026,5,3,0,60,0,0,5,estimate,low,"A meal defined by its circumstances rather than its contents. This is the category the longitudinal research keeps pointing at: not what was eaten, but who was there and whether you felt safe.",details/FOO-048.csv,5
TRV-001,A holiday in the next town over,TRV,"Travel, elsewhere, and coming back",most,"Available to most people, given ordinary circumstances",any,Any age,travel_local,Needs to move around your own town,transport;security,2,*,primary,,2000,2026,4,3,0,20,0,21,5,estimate,low,Forty minutes and a different market. Nothing to do and nowhere to be. Administratively free.,details/TRV-001.csv,5
TRV-002,Visiting family in the next town over,TRV,"Travel, elsewhere, and coming back",most,"Available to most people, given ordinary circumstances",any,Any age,others,Needs at least one other person,family,1,*,primary,,2000,2026,5,3,0,20,0,30,5,estimate,low,Forty minutes and a different market. The reason most people cross a border at all. Administratively free.,details/TRV-002.csv,5
TRV-003,A wedding in the next town over,TRV,"Travel, elsewhere, and coming back",most,"Available to most people, given ordinary circumstances",any,Any age,others,Needs at least one other person,,0,*,primary,,2000,2026,5,3,0,20,30,180,5,estimate,low,Forty minutes and a different market. A date fixed months out that will not move. Administratively free.,details/TRV-003.csv,5
TRV-004,A funeral in the next town over,TRV,"Travel, elsewhere, and coming back",most,"Available to most people, given ordinary circumstances",any,Any age,others,Needs at least one other person,discretion,1,*,primary,,2000,2026,4,3,0,20,0,3,5,estimate,low,"Forty minutes and a different market. No notice, no flexibility, and you must be there. Administratively free.",details/TRV-004.csv,5
TRV-005,Studying in the next town over,TRV,"Travel, elsewhere, and coming back",most,"Available to most people, given ordinary circumstances",any,Any age,institution,"Needs a school, employer, bank or state to cooperate",credential;discretion;work;money,4,*,primary,,2000,2026,5,3,0,20,90,365,5,estimate,low,Forty minutes and a different market. Months of paperwork before the first lecture. Administratively free.,details/TRV-005.csv,5
TRV-006,Work or a conference in the next town over,TRV,"Travel, elsewhere, and coming back",most,"Available to most people, given ordinary circumstances",any,Any age,institution,"Needs a school, employer, bank or state to cooperate",credential;discretion;work,3,*,primary,,2000,2026,3,3,0,20,14,120,5,estimate,low,"Forty minutes and a different market. Somebody else is paying, which changes everything. Administratively free.",details/TRV-006.csv,5
TRV-007,A holiday in the village your family is from,TRV,"Travel, elsewhere, and coming back",most,"Available to most people, given ordinary circumstances",any,Any age,travel_domestic,Needs to cross your own country,transport;security;police,3,*,primary,,2000,2026,4,3,20,300,0,21,5,estimate,low,Where the older graves are. Nothing to do and nowhere to be. Administratively free.,details/TRV-007.csv,5
TRV-008,Visiting family in the village your family is from,TRV,"Travel, elsewhere, and coming back",most,"Available to most people, given ordinary circumstances",any,Any age,others,Needs at least one other person,family,1,*,primary,,2000,2026,5,3,20,300,0,30,5,estimate,low,Where the older graves are. The reason most people cross a border at all. Administratively free.,details/TRV-008.csv,5
TRV-009,A wedding in the village your family is from,TRV,"Travel, elsewhere, and coming back",most,"Available to most people, given ordinary circumstances",any,Any age,others,Needs at least one other person,,0,*,primary,,2000,2026,5,3,20,300,30,180,5,estimate,low,Where the older graves are. A date fixed months out that will not move. Administratively free.,details/TRV-009.csv,5
TRV-010,A funeral in the village your family is from,TRV,"Travel, elsewhere, and coming back",most,"Available to most people, given ordinary circumstances",any,Any age,others,Needs at least one other person,discretion,1,*,primary,,2000,2026,4,3,20,300,0,3,5,estimate,low,"Where the older graves are. No notice, no flexibility, and you must be there. Administratively free.",details/TRV-010.csv,5
TRV-011,Studying in the village your family is from,TRV,"Travel, elsewhere, and coming back",most,"Available to most people, given ordinary circumstances",any,Any age,institution,"Needs a school, employer, bank or state to cooperate",credential;discretion;work;money,4,*,primary,,2000,2026,5,3,20,300,90,365,5,estimate,low,Where the older graves are. Months of paperwork before the first lecture. Administratively free.,details/TRV-011.csv,5
TRV-012,Work or a conference in the village your family is from,TRV,"Travel, elsewhere, and coming back",most,"Available to most people, given ordinary circumstances",any,Any age,institution,"Needs a school, employer, bank or state to cooperate",credential;discretion;work,3,*,primary,,2000,2026,3,3,20,300,14,120,5,estimate,low,"Where the older graves are. Somebody else is paying, which changes everything. Administratively free.",details/TRV-012.csv,5
TRV-013,A holiday in the coast,TRV,"Travel, elsewhere, and coming back",most,"Available to most people, given ordinary circumstances",any,Any age,travel_domestic,Needs to cross your own country,transport;security;police,3,*,primary,,2000,2026,4,3,20,300,0,21,5,estimate,low,"Two days, and the smell changes before you see it. Nothing to do and nowhere to be. Administratively free.",details/TRV-013.csv,5
TRV-014,Visiting family in the coast,TRV,"Travel, elsewhere, and coming back",most,"Available to most people, given ordinary circumstances",any,Any age,others,Needs at least one other person,family,1,*,primary,,2000,2026,5,3,20,300,0,30,5,estimate,low,"Two days, and the smell changes before you see it. The reason most people cross a border at all. Administratively free.",details/TRV-014.csv,5
TRV-015,A wedding in the coast,TRV,"Travel, elsewhere, and coming back",most,"Available to most people, given ordinary circumstances",any,Any age,others,Needs at least one other person,,0,*,primary,,2000,2026,5,3,20,300,30,180,5,estimate,low,"Two days, and the smell changes before you see it. A date fixed months out that will not move. Administratively free.",details/TRV-015.csv,5
TRV-016,A funeral in the coast,TRV,"Travel, elsewhere, and coming back",most,"Available to most people, given ordinary circumstances",any,Any age,others,Needs at least one other person,discretion,1,*,primary,,2000,2026,4,3,20,300,0,3,5,estimate,low,"Two days, and the smell changes before you see it. No notice, no flexibility, and you must be there. Administratively free.",details/TRV-016.csv,5
TRV-017,Studying in the coast,TRV,"Travel, elsewhere, and coming back",most,"Available to most people, given ordinary circumstances",any,Any age,institution,"Needs a school, employer, bank or state to cooperate",credential;discretion;work;money,4,*,primary,,2000,2026,5,3,20,300,90,365,5,estimate,low,"Two days, and the smell changes before you see it. Months of paperwork before the first lecture. Administratively free.",details/TRV-017.csv,5
TRV-018,Work or a conference in the coast,TRV,"Travel, elsewhere, and coming back",most,"Available to most people, given ordinary circumstances",any,Any age,institution,"Needs a school, employer, bank or state to cooperate",credential;discretion;work,3,*,primary,,2000,2026,3,3,20,300,14,120,5,estimate,low,"Two days, and the smell changes before you see it. Somebody else is paying, which changes everything. Administratively free.",details/TRV-018.csv,5
TRV-019,A holiday in the capital,TRV,"Travel, elsewhere, and coming back",most,"Available to most people, given ordinary circumstances",any,Any age,travel_domestic,Needs to cross your own country,transport;security;police,3,*,primary,,2000,2026,4,3,20,300,0,21,5,estimate,low,"Loud, expensive, and worth it once a year. Nothing to do and nowhere to be. Administratively free.",details/TRV-019.csv,5
TRV-020,Visiting family in the capital,TRV,"Travel, elsewhere, and coming back",most,"Available to most people, given ordinary circumstances",any,Any age,others,Needs at least one other person,family,1,*,primary,,2000,2026,5,3,20,300,0,30,5,estimate,low,"Loud, expensive, and worth it once a year. The reason most people cross a border at all. Administratively free.",details/TRV-020.csv,5
TRV-021,A wedding in the capital,TRV,"Travel, elsewhere, and coming back",most,"Available to most people, given ordinary circumstances",any,Any age,others,Needs at least one other person,,0,*,primary,,2000,2026,5,3,20,300,30,180,5,estimate,low,"Loud, expensive, and worth it once a year. A date fixed months out that will not move. Administratively free.",details/TRV-021.csv,5
TRV-022,A funeral in the capital,TRV,"Travel, elsewhere, and coming back",most,"Available to most people, given ordinary circumstances",any,Any age,others,Needs at least one other person,discretion,1,*,primary,,2000,2026,4,3,20,300,0,3,5,estimate,low,"Loud, expensive, and worth it once a year. No notice, no flexibility, and you must be there. Administratively free.",details/TRV-022.csv,5
TRV-023,Studying in the capital,TRV,"Travel, elsewhere, and coming back",most,"Available to most people, given ordinary circumstances",any,Any age,institution,"Needs a school, employer, bank or state to cooperate",credential;discretion;work;money,4,*,primary,,2000,2026,5,3,20,300,90,365,5,estimate,low,"Loud, expensive, and worth it once a year. Months of paperwork before the first lecture. Administratively free.",details/TRV-023.csv,5
TRV-024,Work or a conference in the capital,TRV,"Travel, elsewhere, and coming back",most,"Available to most people, given ordinary circumstances",any,Any age,institution,"Needs a school, employer, bank or state to cooperate",credential;discretion;work,3,*,primary,,2000,2026,3,3,20,300,14,120,5,estimate,low,"Loud, expensive, and worth it once a year. Somebody else is paying, which changes everything. Administratively free.",details/TRV-024.csv,5
TRV-025,A holiday in the mountains,TRV,"Travel, elsewhere, and coming back",most,"Available to most people, given ordinary circumstances",any,Any age,travel_domestic,Needs to cross your own country,transport;security;police,3,*,primary,,2000,2026,4,3,20,300,0,21,5,estimate,low,Cold at night in a country that is not cold. Nothing to do and nowhere to be. Administratively free.,details/TRV-025.csv,5
TRV-026,Visiting family in the mountains,TRV,"Travel, elsewhere, and coming back",most,"Available to most people, given ordinary circumstances",any,Any age,others,Needs at least one other person,family,1,*,primary,,2000,2026,5,3,20,300,0,30,5,estimate,low,Cold at night in a country that is not cold. The reason most people cross a border at all. Administratively free.,details/TRV-026.csv,5
TRV-027,A wedding in the mountains,TRV,"Travel, elsewhere, and coming back",most,"Available to most people, given ordinary circumstances",any,Any age,others,Needs at least one other person,,0,*,primary,,2000,2026,5,3,20,300,30,180,5,estimate,low,Cold at night in a country that is not cold. A date fixed months out that will not move. Administratively free.,details/TRV-027.csv,5
TRV-028,A funeral in the mountains,TRV,"Travel, elsewhere, and coming back",most,"Available to most people, given ordinary circumstances",any,Any age,others,Needs at least one other person,discretion,1,*,primary,,2000,2026,4,3,20,300,0,3,5,estimate,low,"Cold at night in a country that is not cold. No notice, no flexibility, and you must be there. Administratively free.",details/TRV-028.csv,5
TRV-029,Studying in the mountains,TRV,"Travel, elsewhere, and coming back",most,"Available to most people, given ordinary circumstances",any,Any age,institution,"Needs a school, employer, bank or state to cooperate",credential;discretion;work;money,4,*,primary,,2000,2026,5,3,20,300,90,365,5,estimate,low,Cold at night in a country that is not cold. Months of paperwork before the first lecture. Administratively free.,details/TRV-029.csv,5
TRV-030,Work or a conference in the mountains,TRV,"Travel, elsewhere, and coming back",most,"Available to most people, given ordinary circumstances",any,Any age,institution,"Needs a school, employer, bank or state to cooperate",credential;discretion;work,3,*,primary,,2000,2026,3,3,20,300,14,120,5,estimate,low,"Cold at night in a country that is not cold. Somebody else is paying, which changes everything. Administratively free.",details/TRV-030.csv,5
TRV-031,A holiday in Lagos,TRV,"Travel, elsewhere, and coming back",most,"Available to most people, given ordinary circumstances",any,Any age,travel_domestic,Needs to cross your own country,transport;security;police,3,NG,primary,,2000,2026,4,3,20,300,0,21,5,estimate,low,Everyone has an opinion and they are all right. Nothing to do and nowhere to be. Administratively free.,details/TRV-031.csv,5
TRV-032,Visiting family in Lagos,TRV,"Travel, elsewhere, and coming back",most,"Available to most people, given ordinary circumstances",any,Any age,others,Needs at least one other person,family,1,NG,primary,,2000,2026,5,3,20,300,0,30,5,estimate,low,Everyone has an opinion and they are all right. The reason most people cross a border at all. Administratively free.,details/TRV-032.csv,5
TRV-033,A wedding in Lagos,TRV,"Travel, elsewhere, and coming back",most,"Available to most people, given ordinary circumstances",any,Any age,others,Needs at least one other person,,0,NG,primary,,2000,2026,5,3,20,300,30,180,5,estimate,low,Everyone has an opinion and they are all right. A date fixed months out that will not move. Administratively free.,details/TRV-033.csv,5
TRV-034,A funeral in Lagos,TRV,"Travel, elsewhere, and coming back",most,"Available to most people, given ordinary circumstances",any,Any age,others,Needs at least one other person,discretion,1,NG,primary,,2000,2026,4,3,20,300,0,3,5,estimate,low,"Everyone has an opinion and they are all right. No notice, no flexibility, and you must be there. Administratively free.",details/TRV-034.csv,5
TRV-035,Studying in Lagos,TRV,"Travel, elsewhere, and coming back",most,"Available to most people, given ordinary circumstances",any,Any age,institution,"Needs a school, employer, bank or state to cooperate",credential;discretion;work;money,4,NG,primary,,2000,2026,5,3,20,300,90,365,5,estimate,low,Everyone has an opinion and they are all right. Months of paperwork before the first lecture. Administratively free.,details/TRV-035.csv,5
TRV-036,Work or a conference in Lagos,TRV,"Travel, elsewhere, and coming back",most,"Available to most people, given ordinary circumstances",any,Any age,institution,"Needs a school, employer, bank or state to cooperate",credential;discretion;work,3,NG,primary,,2000,2026,3,3,20,300,14,120,5,estimate,low,"Everyone has an opinion and they are all right. Somebody else is paying, which changes everything. Administratively free.",details/TRV-036.csv,5
TRV-037,A holiday in Calabar at Christmas,TRV,"Travel, elsewhere, and coming back",most,"Available to most people, given ordinary circumstances",any,Any age,travel_domestic,Needs to cross your own country,transport;security;police,3,NG,primary,,2000,2026,4,3,20,300,0,21,5,estimate,low,"The carnival, and the whole city out. Nothing to do and nowhere to be. Administratively free.",details/TRV-037.csv,5
TRV-038,Visiting family in Calabar at Christmas,TRV,"Travel, elsewhere, and coming back",most,"Available to most people, given ordinary circumstances",any,Any age,others,Needs at least one other person,family,1,NG,primary,,2000,2026,5,3,20,300,0,30,5,estimate,low,"The carnival, and the whole city out. The reason most people cross a border at all. Administratively free.",details/TRV-038.csv,5
TRV-039,A wedding in Calabar at Christmas,TRV,"Travel, elsewhere, and coming back",most,"Available to most people, given ordinary circumstances",any,Any age,others,Needs at least one other person,,0,NG,primary,,2000,2026,5,3,20,300,30,180,5,estimate,low,"The carnival, and the whole city out. A date fixed months out that will not move. Administratively free.",details/TRV-039.csv,5
TRV-040,A funeral in Calabar at Christmas,TRV,"Travel, elsewhere, and coming back",most,"Available to most people, given ordinary circumstances",any,Any age,others,Needs at least one other person,discretion,1,NG,primary,,2000,2026,4,3,20,300,0,3,5,estimate,low,"The carnival, and the whole city out. No notice, no flexibility, and you must be there. Administratively free.",details/TRV-040.csv,5
TRV-041,Studying in Calabar at Christmas,TRV,"Travel, elsewhere, and coming back",most,"Available to most people, given ordinary circumstances",any,Any age,institution,"Needs a school, employer, bank or state to cooperate",credential;discretion;work;money,4,NG,primary,,2000,2026,5,3,20,300,90,365,5,estimate,low,"The carnival, and the whole city out. Months of paperwork before the first lecture. Administratively free.",details/TRV-041.csv,5
TRV-042,Work or a conference in Calabar at Christmas,TRV,"Travel, elsewhere, and coming back",most,"Available to most people, given ordinary circumstances",any,Any age,institution,"Needs a school, employer, bank or state to cooperate",credential;discretion;work,3,NG,primary,,2000,2026,3,3,20,300,14,120,5,estimate,low,"The carnival, and the whole city out. Somebody else is paying, which changes everything. Administratively free.",details/TRV-042.csv,5
TRV-043,A holiday in Jos for the weather,TRV,"Travel, elsewhere, and coming back",most,"Available to most people, given ordinary circumstances",any,Any age,travel_domestic,Needs to cross your own country,transport;security;police,3,NG,primary,,2000,2026,4,3,20,300,0,21,5,estimate,low,Cool enough to need a jumper. Nothing to do and nowhere to be. Administratively free.,details/TRV-043.csv,5
TRV-044,Visiting family in Jos for the weather,TRV,"Travel, elsewhere, and coming back",most,"Available to most people, given ordinary circumstances",any,Any age,others,Needs at least one other person,family,1,NG,primary,,2000,2026,5,3,20,300,0,30,5,estimate,low,Cool enough to need a jumper. The reason most people cross a border at all. Administratively free.,details/TRV-044.csv,5
TRV-045,A wedding in Jos for the weather,TRV,"Travel, elsewhere, and coming back",most,"Available to most people, given ordinary circumstances",any,Any age,others,Needs at least one other person,,0,NG,primary,,2000,2026,5,3,20,300,30,180,5,estimate,low,Cool enough to need a jumper. A date fixed months out that will not move. Administratively free.,details/TRV-045.csv,5
TRV-046,A funeral in Jos for the weather,TRV,"Travel, elsewhere, and coming back",most,"Available to most people, given ordinary circumstances",any,Any age,others,Needs at least one other person,discretion,1,NG,primary,,2000,2026,4,3,20,300,0,3,5,estimate,low,"Cool enough to need a jumper. No notice, no flexibility, and you must be there. Administratively free.",details/TRV-046.csv,5
TRV-047,Studying in Jos for the weather,TRV,"Travel, elsewhere, and coming back",most,"Available to most people, given ordinary circumstances",any,Any age,institution,"Needs a school, employer, bank or state to cooperate",credential;discretion;work;money,4,NG,primary,,2000,2026,5,3,20,300,90,365,5,estimate,low,Cool enough to need a jumper. Months of paperwork before the first lecture. Administratively free.,details/TRV-047.csv,5
TRV-048,Work or a conference in Jos for the weather,TRV,"Travel, elsewhere, and coming back",most,"Available to most people, given ordinary circumstances",any,Any age,institution,"Needs a school, employer, bank or state to cooperate",credential;discretion;work,3,NG,primary,,2000,2026,3,3,20,300,14,120,5,estimate,low,"Cool enough to need a jumper. Somebody else is paying, which changes everything. Administratively free.",details/TRV-048.csv,5
TRV-049,A holiday in Shiraz,TRV,"Travel, elsewhere, and coming back",most,"Available to most people, given ordinary circumstances",any,Any age,travel_domestic,Needs to cross your own country,transport;security;police,3,IR,primary,,2000,2026,4,3,20,300,0,21,5,estimate,low,"Gardens, and the poets' tombs at dusk. Nothing to do and nowhere to be. Administratively free.",details/TRV-049.csv,5
TRV-050,Visiting family in Shiraz,TRV,"Travel, elsewhere, and coming back",most,"Available to most people, given ordinary circumstances",any,Any age,others,Needs at least one other person,family,1,IR,primary,,2000,2026,5,3,20,300,0,30,5,estimate,low,"Gardens, and the poets' tombs at dusk. The reason most people cross a border at all. Administratively free.",details/TRV-050.csv,5
TRV-051,A wedding in Shiraz,TRV,"Travel, elsewhere, and coming back",most,"Available to most people, given ordinary circumstances",any,Any age,others,Needs at least one other person,,0,IR,primary,,2000,2026,5,3,20,300,30,180,5,estimate,low,"Gardens, and the poets' tombs at dusk. A date fixed months out that will not move. Administratively free.",details/TRV-051.csv,5
TRV-052,A funeral in Shiraz,TRV,"Travel, elsewhere, and coming back",most,"Available to most people, given ordinary circumstances",any,Any age,others,Needs at least one other person,discretion,1,IR,primary,,2000,2026,4,3,20,300,0,3,5,estimate,low,"Gardens, and the poets' tombs at dusk. No notice, no flexibility, and you must be there. Administratively free.",details/TRV-052.csv,5
TRV-053,Studying in Shiraz,TRV,"Travel, elsewhere, and coming back",most,"Available to most people, given ordinary circumstances",any,Any age,institution,"Needs a school, employer, bank or state to cooperate",credential;discretion;work;money,4,IR,primary,,2000,2026,5,3,20,300,90,365,5,estimate,low,"Gardens, and the poets' tombs at dusk. Months of paperwork before the first lecture. Administratively free.",details/TRV-053.csv,5
TRV-054,Work or a conference in Shiraz,TRV,"Travel, elsewhere, and coming back",most,"Available to most people, given ordinary circumstances",any,Any age,institution,"Needs a school, employer, bank or state to cooperate",credential;discretion;work,3,IR,primary,,2000,2026,3,3,20,300,14,120,5,estimate,low,"Gardens, and the poets' tombs at dusk. Somebody else is paying, which changes everything. Administratively free.",details/TRV-054.csv,5
TRV-055,A holiday in the Caspian,TRV,"Travel, elsewhere, and coming back",most,"Available to most people, given ordinary circumstances",any,Any age,travel_domestic,Needs to cross your own country,transport;security;police,3,IR,primary,,2000,2026,4,3,20,300,0,21,5,estimate,low,"Rice fields, rain, and a different green. Nothing to do and nowhere to be. Administratively free.",details/TRV-055.csv,5
TRV-056,Visiting family in the Caspian,TRV,"Travel, elsewhere, and coming back",most,"Available to most people, given ordinary circumstances",any,Any age,others,Needs at least one other person,family,1,IR,primary,,2000,2026,5,3,20,300,0,30,5,estimate,low,"Rice fields, rain, and a different green. The reason most people cross a border at all. Administratively free.",details/TRV-056.csv,5
TRV-057,A wedding in the Caspian,TRV,"Travel, elsewhere, and coming back",most,"Available to most people, given ordinary circumstances",any,Any age,others,Needs at least one other person,,0,IR,primary,,2000,2026,5,3,20,300,30,180,5,estimate,low,"Rice fields, rain, and a different green. A date fixed months out that will not move. Administratively free.",details/TRV-057.csv,5
TRV-058,A funeral in the Caspian,TRV,"Travel, elsewhere, and coming back",most,"Available to most people, given ordinary circumstances",any,Any age,others,Needs at least one other person,discretion,1,IR,primary,,2000,2026,4,3,20,300,0,3,5,estimate,low,"Rice fields, rain, and a different green. No notice, no flexibility, and you must be there. Administratively free.",details/TRV-058.csv,5
TRV-059,Studying in the Caspian,TRV,"Travel, elsewhere, and coming back",most,"Available to most people, given ordinary circumstances",any,Any age,institution,"Needs a school, employer, bank or state to cooperate",credential;discretion;work;money,4,IR,primary,,2000,2026,5,3,20,300,90,365,5,estimate,low,"Rice fields, rain, and a different green. Months of paperwork before the first lecture. Administratively free.",details/TRV-059.csv,5
TRV-060,Work or a conference in the Caspian,TRV,"Travel, elsewhere, and coming back",most,"Available to most people, given ordinary circumstances",any,Any age,institution,"Needs a school, employer, bank or state to cooperate",credential;discretion;work,3,IR,primary,,2000,2026,3,3,20,300,14,120,5,estimate,low,"Rice fields, rain, and a different green. Somebody else is paying, which changes everything. Administratively free.",details/TRV-060.csv,5
TRV-061,A holiday in Kish,TRV,"Travel, elsewhere, and coming back",most,"Available to most people, given ordinary circumstances",any,Any age,travel_domestic,Needs to cross your own country,transport;security;police,3,IR,primary,,2000,2026,4,3,20,300,0,21,5,estimate,low,Warm water in the middle of winter. Nothing to do and nowhere to be. Administratively free.,details/TRV-061.csv,5
TRV-062,Visiting family in Kish,TRV,"Travel, elsewhere, and coming back",most,"Available to most people, given ordinary circumstances",any,Any age,others,Needs at least one other person,family,1,IR,primary,,2000,2026,5,3,20,300,0,30,5,estimate,low,Warm water in the middle of winter. The reason most people cross a border at all. Administratively free.,details/TRV-062.csv,5
TRV-063,A wedding in Kish,TRV,"Travel, elsewhere, and coming back",most,"Available to most people, given ordinary circumstances",any,Any age,others,Needs at least one other person,,0,IR,primary,,2000,2026,5,3,20,300,30,180,5,estimate,low,Warm water in the middle of winter. A date fixed months out that will not move. Administratively free.,details/TRV-063.csv,5
TRV-064,A funeral in Kish,TRV,"Travel, elsewhere, and coming back",most,"Available to most people, given ordinary circumstances",any,Any age,others,Needs at least one other person,discretion,1,IR,primary,,2000,2026,4,3,20,300,0,3,5,estimate,low,"Warm water in the middle of winter. No notice, no flexibility, and you must be there. Administratively free.",details/TRV-064.csv,5
TRV-065,Studying in Kish,TRV,"Travel, elsewhere, and coming back",most,"Available to most people, given ordinary circumstances",any,Any age,institution,"Needs a school, employer, bank or state to cooperate",credential;discretion;work;money,4,IR,primary,,2000,2026,5,3,20,300,90,365,5,estimate,low,Warm water in the middle of winter. Months of paperwork before the first lecture. Administratively free.,details/TRV-065.csv,5
TRV-066,Work or a conference in Kish,TRV,"Travel, elsewhere, and coming back",most,"Available to most people, given ordinary circumstances",any,Any age,institution,"Needs a school, employer, bank or state to cooperate",credential;discretion;work,3,IR,primary,,2000,2026,3,3,20,300,14,120,5,estimate,low,"Warm water in the middle of winter. Somebody else is paying, which changes everything. Administratively free.",details/TRV-066.csv,5
TRV-067,A holiday in Jericho in February,TRV,"Travel, elsewhere, and coming back",most,"Available to most people, given ordinary circumstances",any,Any age,travel_domestic,Needs to cross your own country,transport;security;police,3,PS,primary,,2000,2026,4,3,20,300,0,21,5,estimate,low,Warm when everywhere else is not. Nothing to do and nowhere to be. Administratively free.,details/TRV-067.csv,5
TRV-068,Visiting family in Jericho in February,TRV,"Travel, elsewhere, and coming back",most,"Available to most people, given ordinary circumstances",any,Any age,others,Needs at least one other person,family,1,PS,primary,,2000,2026,5,3,20,300,0,30,5,estimate,low,Warm when everywhere else is not. The reason most people cross a border at all. Administratively free.,details/TRV-068.csv,5
TRV-069,A wedding in Jericho in February,TRV,"Travel, elsewhere, and coming back",most,"Available to most people, given ordinary circumstances",any,Any age,others,Needs at least one other person,,0,PS,primary,,2000,2026,5,3,20,300,30,180,5,estimate,low,Warm when everywhere else is not. A date fixed months out that will not move. Administratively free.,details/TRV-069.csv,5
TRV-070,A funeral in Jericho in February,TRV,"Travel, elsewhere, and coming back",most,"Available to most people, given ordinary circumstances",any,Any age,others,Needs at least one other person,discretion,1,PS,primary,,2000,2026,4,3,20,300,0,3,5,estimate,low,"Warm when everywhere else is not. No notice, no flexibility, and you must be there. Administratively free.",details/TRV-070.csv,5
TRV-071,Studying in Jericho in February,TRV,"Travel, elsewhere, and coming back",most,"Available to most people, given ordinary circumstances",any,Any age,institution,"Needs a school, employer, bank or state to cooperate",credential;discretion;work;money,4,PS,primary,,2000,2026,5,3,20,300,90,365,5,estimate,low,Warm when everywhere else is not. Months of paperwork before the first lecture. Administratively free.,details/TRV-071.csv,5
TRV-072,Work or a conference in Jericho in February,TRV,"Travel, elsewhere, and coming back",most,"Available to most people, given ordinary circumstances",any,Any age,institution,"Needs a school, employer, bank or state to cooperate",credential;discretion;work,3,PS,primary,,2000,2026,3,3,20,300,14,120,5,estimate,low,"Warm when everywhere else is not. Somebody else is paying, which changes everything. Administratively free.",details/TRV-072.csv,5
TRV-073,A holiday in the sea at Jaffa,TRV,"Travel, elsewhere, and coming back",most,"Available to most people, given ordinary circumstances",any,Any age,travel_domestic,Needs to cross your own country,transport;security;police,3,PS,primary,,2000,2026,4,3,20,300,0,21,5,estimate,low,For those who can reach it. Nothing to do and nowhere to be. Administratively free.,details/TRV-073.csv,5
TRV-074,Visiting family in the sea at Jaffa,TRV,"Travel, elsewhere, and coming back",most,"Available to most people, given ordinary circumstances",any,Any age,others,Needs at least one other person,family,1,PS,primary,,2000,2026,5,3,20,300,0,30,5,estimate,low,For those who can reach it. The reason most people cross a border at all. Administratively free.,details/TRV-074.csv,5
TRV-075,A wedding in the sea at Jaffa,TRV,"Travel, elsewhere, and coming back",most,"Available to most people, given ordinary circumstances",any,Any age,others,Needs at least one other person,,0,PS,primary,,2000,2026,5,3,20,300,30,180,5,estimate,low,For those who can reach it. A date fixed months out that will not move. Administratively free.,details/TRV-075.csv,5
TRV-076,A funeral in the sea at Jaffa,TRV,"Travel, elsewhere, and coming back",most,"Available to most people, given ordinary circumstances",any,Any age,others,Needs at least one other person,discretion,1,PS,primary,,2000,2026,4,3,20,300,0,3,5,estimate,low,"For those who can reach it. No notice, no flexibility, and you must be there. Administratively free.",details/TRV-076.csv,5
TRV-077,Studying in the sea at Jaffa,TRV,"Travel, elsewhere, and coming back",most,"Available to most people, given ordinary circumstances",any,Any age,institution,"Needs a school, employer, bank or state to cooperate",credential;discretion;work;money,4,PS,primary,,2000,2026,5,3,20,300,90,365,5,estimate,low,For those who can reach it. Months of paperwork before the first lecture. Administratively free.,details/TRV-077.csv,5
TRV-078,Work or a conference in the sea at Jaffa,TRV,"Travel, elsewhere, and coming back",most,"Available to most people, given ordinary circumstances",any,Any age,institution,"Needs a school, employer, bank or state to cooperate",credential;discretion;work,3,PS,primary,,2000,2026,3,3,20,300,14,120,5,estimate,low,"For those who can reach it. Somebody else is paying, which changes everything. Administratively free.",details/TRV-078.csv,5
TRV-079,A holiday in a national park,TRV,"Travel, elsewhere, and coming back",most,"Available to most people, given ordinary circumstances",any,Any age,travel_domestic,Needs to cross your own country,transport;security;police,3,US,primary,,2000,2026,4,3,20,300,0,21,5,estimate,low,A long drive and a very small tent. Nothing to do and nowhere to be. Administratively free.,details/TRV-079.csv,5
TRV-080,Visiting family in a national park,TRV,"Travel, elsewhere, and coming back",most,"Available to most people, given ordinary circumstances",any,Any age,others,Needs at least one other person,family,1,US,primary,,2000,2026,5,3,20,300,0,30,5,estimate,low,A long drive and a very small tent. The reason most people cross a border at all. Administratively free.,details/TRV-080.csv,5
TRV-081,A wedding in a national park,TRV,"Travel, elsewhere, and coming back",most,"Available to most people, given ordinary circumstances",any,Any age,others,Needs at least one other person,,0,US,primary,,2000,2026,5,3,20,300,30,180,5,estimate,low,A long drive and a very small tent. A date fixed months out that will not move. Administratively free.,details/TRV-081.csv,5
TRV-082,A funeral in a national park,TRV,"Travel, elsewhere, and coming back",most,"Available to most people, given ordinary circumstances",any,Any age,others,Needs at least one other person,discretion,1,US,primary,,2000,2026,4,3,20,300,0,3,5,estimate,low,"A long drive and a very small tent. No notice, no flexibility, and you must be there. Administratively free.",details/TRV-082.csv,5
TRV-083,Studying in a national park,TRV,"Travel, elsewhere, and coming back",most,"Available to most people, given ordinary circumstances",any,Any age,institution,"Needs a school, employer, bank or state to cooperate",credential;discretion;work;money,4,US,primary,,2000,2026,5,3,20,300,90,365,5,estimate,low,A long drive and a very small tent. Months of paperwork before the first lecture. Administratively free.,details/TRV-083.csv,5
TRV-084,Work or a conference in a national park,TRV,"Travel, elsewhere, and coming back",most,"Available to most people, given ordinary circumstances",any,Any age,institution,"Needs a school, employer, bank or state to cooperate",credential;discretion;work,3,US,primary,,2000,2026,3,3,20,300,14,120,5,estimate,low,"A long drive and a very small tent. Somebody else is paying, which changes everything. Administratively free.",details/TRV-084.csv,5
TRV-085,A holiday in a road trip with no fixed plan,TRV,"Travel, elsewhere, and coming back",most,"Available to most people, given ordinary circumstances",any,Any age,travel_domestic,Needs to cross your own country,transport;security;police,3,US,primary,,2000,2026,4,3,20,300,0,21,5,estimate,low,"Motels and bad coffee, deliberately. Nothing to do and nowhere to be. Administratively free.",details/TRV-085.csv,5
TRV-086,Visiting family in a road trip with no fixed plan,TRV,"Travel, elsewhere, and coming back",most,"Available to most people, given ordinary circumstances",any,Any age,others,Needs at least one other person,family,1,US,primary,,2000,2026,5,3,20,300,0,30,5,estimate,low,"Motels and bad coffee, deliberately. The reason most people cross a border at all. Administratively free.",details/TRV-086.csv,5
TRV-087,A wedding in a road trip with no fixed plan,TRV,"Travel, elsewhere, and coming back",most,"Available to most people, given ordinary circumstances",any,Any age,others,Needs at least one other person,,0,US,primary,,2000,2026,5,3,20,300,30,180,5,estimate,low,"Motels and bad coffee, deliberately. A date fixed months out that will not move. Administratively free.",details/TRV-087.csv,5
TRV-088,A funeral in a road trip with no fixed plan,TRV,"Travel, elsewhere, and coming back",most,"Available to most people, given ordinary circumstances",any,Any age,others,Needs at least one other person,discretion,1,US,primary,,2000,2026,4,3,20,300,0,3,5,estimate,low,"Motels and bad coffee, deliberately. No notice, no flexibility, and you must be there. Administratively free.",details/TRV-088.csv,5
TRV-089,Studying in a road trip with no fixed plan,TRV,"Travel, elsewhere, and coming back",most,"Available to most people, given ordinary circumstances",any,Any age,institution,"Needs a school, employer, bank or state to cooperate",credential;discretion;work;money,4,US,primary,,2000,2026,5,3,20,300,90,365,5,estimate,low,"Motels and bad coffee, deliberately. Months of paperwork before the first lecture. Administratively free.",details/TRV-089.csv,5
TRV-090,Work or a conference in a road trip with no fixed plan,TRV,"Travel, elsewhere, and coming back",most,"Available to most people, given ordinary circumstances",any,Any age,institution,"Needs a school, employer, bank or state to cooperate",credential;discretion;work,3,US,primary,,2000,2026,3,3,20,300,14,120,5,estimate,low,"Motels and bad coffee, deliberately. Somebody else is paying, which changes everything. Administratively free.",details/TRV-090.csv,5
TRV-091,A holiday in Accra,TRV,"Travel, elsewhere, and coming back",most,"Available to most people, given ordinary circumstances",any,Any age,travel_intl,Needs to cross an international border,visa;border;airport;documents,4,NG,primary,,2000,2026,4,3,150,1200,0,21,5,estimate,low,"Close, cheap-ish, and a different kind of loud. Nothing to do and nowhere to be. Needs permission from a state that has no obligation to give it.",details/TRV-091.csv,5
TRV-092,Visiting family in Accra,TRV,"Travel, elsewhere, and coming back",most,"Available to most people, given ordinary circumstances",any,Any age,others,Needs at least one other person,visa;documents;family,3,NG,primary,,2000,2026,5,3,150,1200,0,30,5,estimate,low,"Close, cheap-ish, and a different kind of loud. The reason most people cross a border at all. Needs permission from a state that has no obligation to give it.",details/TRV-092.csv,5
TRV-093,A wedding in Accra,TRV,"Travel, elsewhere, and coming back",most,"Available to most people, given ordinary circumstances",any,Any age,others,Needs at least one other person,visa;documents,2,NG,primary,,2000,2026,5,3,150,1200,30,180,5,estimate,low,"Close, cheap-ish, and a different kind of loud. A date fixed months out that will not move. Needs permission from a state that has no obligation to give it.",details/TRV-093.csv,5
TRV-094,A funeral in Accra,TRV,"Travel, elsewhere, and coming back",most,"Available to most people, given ordinary circumstances",any,Any age,others,Needs at least one other person,visa;documents;discretion,3,NG,primary,,2000,2026,4,3,150,1200,0,3,5,estimate,low,"Close, cheap-ish, and a different kind of loud. No notice, no flexibility, and you must be there. Needs permission from a state that has no obligation to give it.",details/TRV-094.csv,6
TRV-095,Studying in Accra,TRV,"Travel, elsewhere, and coming back",most,"Available to most people, given ordinary circumstances",any,Any age,institution,"Needs a school, employer, bank or state to cooperate",credential;discretion;work;visa;documents;money,6,NG,primary,,2000,2026,5,3,150,1200,90,365,5,estimate,low,"Close, cheap-ish, and a different kind of loud. Months of paperwork before the first lecture. Needs permission from a state that has no obligation to give it.",details/TRV-095.csv,5
TRV-096,Work or a conference in Accra,TRV,"Travel, elsewhere, and coming back",most,"Available to most people, given ordinary circumstances",any,Any age,institution,"Needs a school, employer, bank or state to cooperate",credential;discretion;work;visa;documents,5,NG,primary,,2000,2026,3,3,150,1200,14,120,5,estimate,low,"Close, cheap-ish, and a different kind of loud. Somebody else is paying, which changes everything. Needs permission from a state that has no obligation to give it.",details/TRV-096.csv,5
TRV-097,A holiday in Nairobi,TRV,"Travel, elsewhere, and coming back",most,"Available to most people, given ordinary circumstances",any,Any age,travel_intl,Needs to cross an international border,visa;border;airport;documents,4,NG,primary,,2000,2026,4,3,150,1200,0,21,5,estimate,low,Far enough to feel like abroad. Nothing to do and nowhere to be. Needs permission from a state that has no obligation to give it.,details/TRV-097.csv,5
TRV-098,Visiting family in Nairobi,TRV,"Travel, elsewhere, and coming back",most,"Available to most people, given ordinary circumstances",any,Any age,others,Needs at least one other person,visa;documents;family,3,NG,primary,,2000,2026,5,3,150,1200,0,30,5,estimate,low,Far enough to feel like abroad. The reason most people cross a border at all. Needs permission from a state that has no obligation to give it.,details/TRV-098.csv,5
TRV-099,A wedding in Nairobi,TRV,"Travel, elsewhere, and coming back",most,"Available to most people, given ordinary circumstances",any,Any age,others,Needs at least one other person,visa;documents,2,NG,primary,,2000,2026,5,3,150,1200,30,180,5,estimate,low,Far enough to feel like abroad. A date fixed months out that will not move. Needs permission from a state that has no obligation to give it.,details/TRV-099.csv,5
TRV-100,A funeral in Nairobi,TRV,"Travel, elsewhere, and coming back",most,"Available to most people, given ordinary circumstances",any,Any age,others,Needs at least one other person,visa;documents;discretion,3,NG,primary,,2000,2026,4,3,150,1200,0,3,5,estimate,low,"Far enough to feel like abroad. No notice, no flexibility, and you must be there. Needs permission from a state that has no obligation to give it.",details/TRV-100.csv,6
TRV-101,Studying in Nairobi,TRV,"Travel, elsewhere, and coming back",most,"Available to most people, given ordinary circumstances",any,Any age,institution,"Needs a school, employer, bank or state to cooperate",credential;discretion;work;visa;documents;money,6,NG,primary,,2000,2026,5,3,150,1200,90,365,5,estimate,low,Far enough to feel like abroad. Months of paperwork before the first lecture. Needs permission from a state that has no obligation to give it.,details/TRV-101.csv,5
TRV-102,Work or a conference in Nairobi,TRV,"Travel, elsewhere, and coming back",most,"Available to most people, given ordinary circumstances",any,Any age,institution,"Needs a school, employer, bank or state to cooperate",credential;discretion;work;visa;documents,5,NG,primary,,2000,2026,3,3,150,1200,14,120,5,estimate,low,"Far enough to feel like abroad. Somebody else is paying, which changes everything. Needs permission from a state that has no obligation to give it.",details/TRV-102.csv,5
TRV-103,A holiday in Dubai,TRV,"Travel, elsewhere, and coming back",most,"Available to most people, given ordinary circumstances",any,Any age,travel_intl,Needs to cross an international border,visa;border;airport;documents,4,*,primary,,2000,2026,4,3,150,1200,0,21,5,estimate,low,The transit hub that people also stop in. Nothing to do and nowhere to be. Needs permission from a state that has no obligation to give it.,details/TRV-103.csv,5
TRV-104,Visiting family in Dubai,TRV,"Travel, elsewhere, and coming back",most,"Available to most people, given ordinary circumstances",any,Any age,others,Needs at least one other person,visa;documents;family,3,*,primary,,2000,2026,5,3,150,1200,0,30,5,estimate,low,The transit hub that people also stop in. The reason most people cross a border at all. Needs permission from a state that has no obligation to give it.,details/TRV-104.csv,5
TRV-105,A wedding in Dubai,TRV,"Travel, elsewhere, and coming back",most,"Available to most people, given ordinary circumstances",any,Any age,others,Needs at least one other person,visa;documents,2,*,primary,,2000,2026,5,3,150,1200,30,180,5,estimate,low,The transit hub that people also stop in. A date fixed months out that will not move. Needs permission from a state that has no obligation to give it.,details/TRV-105.csv,5
TRV-106,A funeral in Dubai,TRV,"Travel, elsewhere, and coming back",most,"Available to most people, given ordinary circumstances",any,Any age,others,Needs at least one other person,visa;documents;discretion,3,*,primary,,2000,2026,4,3,150,1200,0,3,5,estimate,low,"The transit hub that people also stop in. No notice, no flexibility, and you must be there. Needs permission from a state that has no obligation to give it.",details/TRV-106.csv,6
TRV-107,Studying in Dubai,TRV,"Travel, elsewhere, and coming back",most,"Available to most people, given ordinary circumstances",any,Any age,institution,"Needs a school, employer, bank or state to cooperate",credential;discretion;work;visa;documents;money,6,*,primary,,2000,2026,5,3,150,1200,90,365,5,estimate,low,The transit hub that people also stop in. Months of paperwork before the first lecture. Needs permission from a state that has no obligation to give it.,details/TRV-107.csv,5
TRV-108,Work or a conference in Dubai,TRV,"Travel, elsewhere, and coming back",most,"Available to most people, given ordinary circumstances",any,Any age,institution,"Needs a school, employer, bank or state to cooperate",credential;discretion;work;visa;documents,5,*,primary,,2000,2026,3,3,150,1200,14,120,5,estimate,low,"The transit hub that people also stop in. Somebody else is paying, which changes everything. Needs permission from a state that has no obligation to give it.",details/TRV-108.csv,5
TRV-109,A holiday in Istanbul,TRV,"Travel, elsewhere, and coming back",most,"Available to most people, given ordinary circumstances",any,Any age,travel_intl,Needs to cross an international border,visa;border;airport;documents,4,IR,primary,,2000,2026,4,3,150,1200,0,21,5,estimate,low,"Reachable, and full of people from home. Nothing to do and nowhere to be. Needs permission from a state that has no obligation to give it.",details/TRV-109.csv,5
TRV-110,Visiting family in Istanbul,TRV,"Travel, elsewhere, and coming back",most,"Available to most people, given ordinary circumstances",any,Any age,others,Needs at least one other person,visa;documents;family,3,IR,primary,,2000,2026,5,3,150,1200,0,30,5,estimate,low,"Reachable, and full of people from home. The reason most people cross a border at all. Needs permission from a state that has no obligation to give it.",details/TRV-110.csv,5
TRV-111,A wedding in Istanbul,TRV,"Travel, elsewhere, and coming back",most,"Available to most people, given ordinary circumstances",any,Any age,others,Needs at least one other person,visa;documents,2,IR,primary,,2000,2026,5,3,150,1200,30,180,5,estimate,low,"Reachable, and full of people from home. A date fixed months out that will not move. Needs permission from a state that has no obligation to give it.",details/TRV-111.csv,5
TRV-112,A funeral in Istanbul,TRV,"Travel, elsewhere, and coming back",most,"Available to most people, given ordinary circumstances",any,Any age,others,Needs at least one other person,visa;documents;discretion,3,IR,primary,,2000,2026,4,3,150,1200,0,3,5,estimate,low,"Reachable, and full of people from home. No notice, no flexibility, and you must be there. Needs permission from a state that has no obligation to give it.",details/TRV-112.csv,6
TRV-113,Studying in Istanbul,TRV,"Travel, elsewhere, and coming back",most,"Available to most people, given ordinary circumstances",any,Any age,institution,"Needs a school, employer, bank or state to cooperate",credential;discretion;work;visa;documents;money,6,IR,primary,,2000,2026,5,3,150,1200,90,365,5,estimate,low,"Reachable, and full of people from home. Months of paperwork before the first lecture. Needs permission from a state that has no obligation to give it.",details/TRV-113.csv,5
TRV-114,Work or a conference in Istanbul,TRV,"Travel, elsewhere, and coming back",most,"Available to most people, given ordinary circumstances",any,Any age,institution,"Needs a school, employer, bank or state to cooperate",credential;discretion;work;visa;documents,5,IR,primary,,2000,2026,3,3,150,1200,14,120,5,estimate,low,"Reachable, and full of people from home. Somebody else is paying, which changes everything. Needs permission from a state that has no obligation to give it.",details/TRV-114.csv,5
TRV-115,A holiday in Yerevan,TRV,"Travel, elsewhere, and coming back",most,"Available to most people, given ordinary circumstances",any,Any age,travel_intl,Needs to cross an international border,visa;border;airport;documents,4,IR,primary,,2000,2026,4,3,150,1200,0,21,5,estimate,low,"Visa-free, and therefore full of Iranians. Nothing to do and nowhere to be. Needs permission from a state that has no obligation to give it.",details/TRV-115.csv,5
TRV-116,Visiting family in Yerevan,TRV,"Travel, elsewhere, and coming back",most,"Available to most people, given ordinary circumstances",any,Any age,others,Needs at least one other person,visa;documents;family,3,IR,primary,,2000,2026,5,3,150,1200,0,30,5,estimate,low,"Visa-free, and therefore full of Iranians. The reason most people cross a border at all. Needs permission from a state that has no obligation to give it.",details/TRV-116.csv,5
TRV-117,A wedding in Yerevan,TRV,"Travel, elsewhere, and coming back",most,"Available to most people, given ordinary circumstances",any,Any age,others,Needs at least one other person,visa;documents,2,IR,primary,,2000,2026,5,3,150,1200,30,180,5,estimate,low,"Visa-free, and therefore full of Iranians. A date fixed months out that will not move. Needs permission from a state that has no obligation to give it.",details/TRV-117.csv,5
TRV-118,A funeral in Yerevan,TRV,"Travel, elsewhere, and coming back",most,"Available to most people, given ordinary circumstances",any,Any age,others,Needs at least one other person,visa;documents;discretion,3,IR,primary,,2000,2026,4,3,150,1200,0,3,5,estimate,low,"Visa-free, and therefore full of Iranians. No notice, no flexibility, and you must be there. Needs permission from a state that has no obligation to give it.",details/TRV-118.csv,6
TRV-119,Studying in Yerevan,TRV,"Travel, elsewhere, and coming back",most,"Available to most people, given ordinary circumstances",any,Any age,institution,"Needs a school, employer, bank or state to cooperate",credential;discretion;work;visa;documents;money,6,IR,primary,,2000,2026,5,3,150,1200,90,365,5,estimate,low,"Visa-free, and therefore full of Iranians. Months of paperwork before the first lecture. Needs permission from a state that has no obligation to give it.",details/TRV-119.csv,5
TRV-120,Work or a conference in Yerevan,TRV,"Travel, elsewhere, and coming back",most,"Available to most people, given ordinary circumstances",any,Any age,institution,"Needs a school, employer, bank or state to cooperate",credential;discretion;work;visa;documents,5,IR,primary,,2000,2026,3,3,150,1200,14,120,5,estimate,low,"Visa-free, and therefore full of Iranians. Somebody else is paying, which changes everything. Needs permission from a state that has no obligation to give it.",details/TRV-120.csv,5
TRV-121,A holiday in Amman,TRV,"Travel, elsewhere, and coming back",most,"Available to most people, given ordinary circumstances",any,Any age,travel_intl,Needs to cross an international border,visa;border;airport;documents,4,PS,primary,,2000,2026,4,3,150,1200,0,21,5,estimate,low,Where the family that could not come home lives. Nothing to do and nowhere to be. Needs permission from a state that has no obligation to give it.,details/TRV-121.csv,5
TRV-122,Visiting family in Amman,TRV,"Travel, elsewhere, and coming back",most,"Available to most people, given ordinary circumstances",any,Any age,others,Needs at least one other person,visa;documents;family,3,PS,primary,,2000,2026,5,3,150,1200,0,30,5,estimate,low,Where the family that could not come home lives. The reason most people cross a border at all. Needs permission from a state that has no obligation to give it.,details/TRV-122.csv,5
TRV-123,A wedding in Amman,TRV,"Travel, elsewhere, and coming back",most,"Available to most people, given ordinary circumstances",any,Any age,others,Needs at least one other person,visa;documents,2,PS,primary,,2000,2026,5,3,150,1200,30,180,5,estimate,low,Where the family that could not come home lives. A date fixed months out that will not move. Needs permission from a state that has no obligation to give it.,details/TRV-123.csv,5
TRV-124,A funeral in Amman,TRV,"Travel, elsewhere, and coming back",most,"Available to most people, given ordinary circumstances",any,Any age,others,Needs at least one other person,visa;documents;discretion,3,PS,primary,,2000,2026,4,3,150,1200,0,3,5,estimate,low,"Where the family that could not come home lives. No notice, no flexibility, and you must be there. Needs permission from a state that has no obligation to give it.",details/TRV-124.csv,6
TRV-125,Studying in Amman,TRV,"Travel, elsewhere, and coming back",most,"Available to most people, given ordinary circumstances",any,Any age,institution,"Needs a school, employer, bank or state to cooperate",credential;discretion;work;visa;documents;money,6,PS,primary,,2000,2026,5,3,150,1200,90,365,5,estimate,low,Where the family that could not come home lives. Months of paperwork before the first lecture. Needs permission from a state that has no obligation to give it.,details/TRV-125.csv,5
TRV-126,Work or a conference in Amman,TRV,"Travel, elsewhere, and coming back",most,"Available to most people, given ordinary circumstances",any,Any age,institution,"Needs a school, employer, bank or state to cooperate",credential;discretion;work;visa;documents,5,PS,primary,,2000,2026,3,3,150,1200,14,120,5,estimate,low,"Where the family that could not come home lives. Somebody else is paying, which changes everything. Needs permission from a state that has no obligation to give it.",details/TRV-126.csv,5
TRV-127,A holiday in Cairo,TRV,"Travel, elsewhere, and coming back",most,"Available to most people, given ordinary circumstances",any,Any age,travel_intl,Needs to cross an international border,visa;border;airport;documents,4,PS,primary,,2000,2026,4,3,150,1200,0,21,5,estimate,low,The other side of a crossing. Nothing to do and nowhere to be. Needs permission from a state that has no obligation to give it.,details/TRV-127.csv,5
TRV-128,Visiting family in Cairo,TRV,"Travel, elsewhere, and coming back",most,"Available to most people, given ordinary circumstances",any,Any age,others,Needs at least one other person,visa;documents;family,3,PS,primary,,2000,2026,5,3,150,1200,0,30,5,estimate,low,The other side of a crossing. The reason most people cross a border at all. Needs permission from a state that has no obligation to give it.,details/TRV-128.csv,5
TRV-129,A wedding in Cairo,TRV,"Travel, elsewhere, and coming back",most,"Available to most people, given ordinary circumstances",any,Any age,others,Needs at least one other person,visa;documents,2,PS,primary,,2000,2026,5,3,150,1200,30,180,5,estimate,low,The other side of a crossing. A date fixed months out that will not move. Needs permission from a state that has no obligation to give it.,details/TRV-129.csv,5
TRV-130,A funeral in Cairo,TRV,"Travel, elsewhere, and coming back",most,"Available to most people, given ordinary circumstances",any,Any age,others,Needs at least one other person,visa;documents;discretion,3,PS,primary,,2000,2026,4,3,150,1200,0,3,5,estimate,low,"The other side of a crossing. No notice, no flexibility, and you must be there. Needs permission from a state that has no obligation to give it.",details/TRV-130.csv,6
TRV-131,Studying in Cairo,TRV,"Travel, elsewhere, and coming back",most,"Available to most people, given ordinary circumstances",any,Any age,institution,"Needs a school, employer, bank or state to cooperate",credential;discretion;work;visa;documents;money,6,PS,primary,,2000,2026,5,3,150,1200,90,365,5,estimate,low,The other side of a crossing. Months of paperwork before the first lecture. Needs permission from a state that has no obligation to give it.,details/TRV-131.csv,5
TRV-132,Work or a conference in Cairo,TRV,"Travel, elsewhere, and coming back",most,"Available to most people, given ordinary circumstances",any,Any age,institution,"Needs a school, employer, bank or state to cooperate",credential;discretion;work;visa;documents,5,PS,primary,,2000,2026,3,3,150,1200,14,120,5,estimate,low,"The other side of a crossing. Somebody else is paying, which changes everything. Needs permission from a state that has no obligation to give it.",details/TRV-132.csv,5
TRV-133,A holiday in Mexico City,TRV,"Travel, elsewhere, and coming back",most,"Available to most people, given ordinary circumstances",any,Any age,travel_intl,Needs to cross an international border,visa;border;airport;documents,4,US,primary,,2000,2026,4,3,150,1200,0,21,5,estimate,low,A short flight and an entirely different week. Nothing to do and nowhere to be. Needs permission from a state that has no obligation to give it.,details/TRV-133.csv,5
TRV-134,Visiting family in Mexico City,TRV,"Travel, elsewhere, and coming back",most,"Available to most people, given ordinary circumstances",any,Any age,others,Needs at least one other person,visa;documents;family,3,US,primary,,2000,2026,5,3,150,1200,0,30,5,estimate,low,A short flight and an entirely different week. The reason most people cross a border at all. Needs permission from a state that has no obligation to give it.,details/TRV-134.csv,5
TRV-135,A wedding in Mexico City,TRV,"Travel, elsewhere, and coming back",most,"Available to most people, given ordinary circumstances",any,Any age,others,Needs at least one other person,visa;documents,2,US,primary,,2000,2026,5,3,150,1200,30,180,5,estimate,low,A short flight and an entirely different week. A date fixed months out that will not move. Needs permission from a state that has no obligation to give it.,details/TRV-135.csv,5
TRV-136,A funeral in Mexico City,TRV,"Travel, elsewhere, and coming back",most,"Available to most people, given ordinary circumstances",any,Any age,others,Needs at least one other person,visa;documents;discretion,3,US,primary,,2000,2026,4,3,150,1200,0,3,5,estimate,low,"A short flight and an entirely different week. No notice, no flexibility, and you must be there. Needs permission from a state that has no obligation to give it.",details/TRV-136.csv,6
TRV-137,Studying in Mexico City,TRV,"Travel, elsewhere, and coming back",most,"Available to most people, given ordinary circumstances",any,Any age,institution,"Needs a school, employer, bank or state to cooperate",credential;discretion;work;visa;documents;money,6,US,primary,,2000,2026,5,3,150,1200,90,365,5,estimate,low,A short flight and an entirely different week. Months of paperwork before the first lecture. Needs permission from a state that has no obligation to give it.,details/TRV-137.csv,5
TRV-138,Work or a conference in Mexico City,TRV,"Travel, elsewhere, and coming back",most,"Available to most people, given ordinary circumstances",any,Any age,institution,"Needs a school, employer, bank or state to cooperate",credential;discretion;work;visa;documents,5,US,primary,,2000,2026,3,3,150,1200,14,120,5,estimate,low,"A short flight and an entirely different week. Somebody else is paying, which changes everything. Needs permission from a state that has no obligation to give it.",details/TRV-138.csv,5
TRV-139,A holiday in London,TRV,"Travel, elsewhere, and coming back",resourced,"Needs money, documents or mobility that not everyone has",any,Any age,travel_intl,Needs to cross an international border,visa;border;airport;documents;money,5,*,primary,,2000,2026,4,2,600,4000,0,21,5,estimate,low,"Grey, expensive, and full of people you know. Nothing to do and nowhere to be. Needs permission from a state that has no obligation to give it.",details/TRV-139.csv,5
TRV-140,Visiting family in London,TRV,"Travel, elsewhere, and coming back",resourced,"Needs money, documents or mobility that not everyone has",any,Any age,others,Needs at least one other person,visa;border;airport;documents;money;family,6,*,primary,,2000,2026,5,2,600,4000,0,30,5,estimate,low,"Grey, expensive, and full of people you know. The reason most people cross a border at all. Needs permission from a state that has no obligation to give it.",details/TRV-140.csv,5
TRV-141,A wedding in London,TRV,"Travel, elsewhere, and coming back",resourced,"Needs money, documents or mobility that not everyone has",any,Any age,others,Needs at least one other person,visa;border;airport;documents;money,5,*,primary,,2000,2026,5,2,600,4000,30,180,5,estimate,low,"Grey, expensive, and full of people you know. A date fixed months out that will not move. Needs permission from a state that has no obligation to give it.",details/TRV-141.csv,5
TRV-142,A funeral in London,TRV,"Travel, elsewhere, and coming back",resourced,"Needs money, documents or mobility that not everyone has",any,Any age,others,Needs at least one other person,visa;border;airport;documents;money;discretion,6,*,primary,,2000,2026,4,2,600,4000,0,3,5,estimate,low,"Grey, expensive, and full of people you know. No notice, no flexibility, and you must be there. Needs permission from a state that has no obligation to give it.",details/TRV-142.csv,6
TRV-143,Studying in London,TRV,"Travel, elsewhere, and coming back",resourced,"Needs money, documents or mobility that not everyone has",any,Any age,institution,"Needs a school, employer, bank or state to cooperate",credential;discretion;work;visa;border;airport;documents;money,8,*,primary,,2000,2026,5,2,600,4000,90,365,5,estimate,low,"Grey, expensive, and full of people you know. Months of paperwork before the first lecture. Needs permission from a state that has no obligation to give it.",details/TRV-143.csv,5
TRV-144,Work or a conference in London,TRV,"Travel, elsewhere, and coming back",resourced,"Needs money, documents or mobility that not everyone has",any,Any age,institution,"Needs a school, employer, bank or state to cooperate",credential;discretion;work;visa;border;airport;documents;money,8,*,primary,,2000,2026,3,2,600,4000,14,120,5,estimate,low,"Grey, expensive, and full of people you know. Somebody else is paying, which changes everything. Needs permission from a state that has no obligation to give it.",details/TRV-144.csv,5
TRV-145,A holiday in Paris,TRV,"Travel, elsewhere, and coming back",resourced,"Needs money, documents or mobility that not everyone has",any,Any age,travel_intl,Needs to cross an international border,visa;border;airport;documents;money,5,*,primary,,2000,2026,4,2,600,4000,0,21,5,estimate,low,The example the brief itself used. Nothing to do and nowhere to be. Needs permission from a state that has no obligation to give it.,details/TRV-145.csv,5
TRV-146,Visiting family in Paris,TRV,"Travel, elsewhere, and coming back",resourced,"Needs money, documents or mobility that not everyone has",any,Any age,others,Needs at least one other person,visa;border;airport;documents;money;family,6,*,primary,,2000,2026,5,2,600,4000,0,30,5,estimate,low,The example the brief itself used. The reason most people cross a border at all. Needs permission from a state that has no obligation to give it.,details/TRV-146.csv,5
TRV-147,A wedding in Paris,TRV,"Travel, elsewhere, and coming back",resourced,"Needs money, documents or mobility that not everyone has",any,Any age,others,Needs at least one other person,visa;border;airport;documents;money,5,*,primary,,2000,2026,5,2,600,4000,30,180,5,estimate,low,The example the brief itself used. A date fixed months out that will not move. Needs permission from a state that has no obligation to give it.,details/TRV-147.csv,5
TRV-148,A funeral in Paris,TRV,"Travel, elsewhere, and coming back",resourced,"Needs money, documents or mobility that not everyone has",any,Any age,others,Needs at least one other person,visa;border;airport;documents;money;discretion,6,*,primary,,2000,2026,4,2,600,4000,0,3,5,estimate,low,"The example the brief itself used. No notice, no flexibility, and you must be there. Needs permission from a state that has no obligation to give it.",details/TRV-148.csv,6
TRV-149,Studying in Paris,TRV,"Travel, elsewhere, and coming back",resourced,"Needs money, documents or mobility that not everyone has",any,Any age,institution,"Needs a school, employer, bank or state to cooperate",credential;discretion;work;visa;border;airport;documents;money,8,*,primary,,2000,2026,5,2,600,4000,90,365,5,estimate,low,The example the brief itself used. Months of paperwork before the first lecture. Needs permission from a state that has no obligation to give it.,details/TRV-149.csv,5
TRV-150,Work or a conference in Paris,TRV,"Travel, elsewhere, and coming back",resourced,"Needs money, documents or mobility that not everyone has",any,Any age,institution,"Needs a school, employer, bank or state to cooperate",credential;discretion;work;visa;border;airport;documents;money,8,*,primary,,2000,2026,3,2,600,4000,14,120,5,estimate,low,"The example the brief itself used. Somebody else is paying, which changes everything. Needs permission from a state that has no obligation to give it.",details/TRV-150.csv,5
TRV-151,A holiday in Berlin,TRV,"Travel, elsewhere, and coming back",resourced,"Needs money, documents or mobility that not everyone has",any,Any age,travel_intl,Needs to cross an international border,visa;border;airport;documents;money,5,*,primary,,2000,2026,4,2,600,4000,0,21,5,estimate,low,"Cheap rent, allegedly, and good trains. Nothing to do and nowhere to be. Needs permission from a state that has no obligation to give it.",details/TRV-151.csv,5
TRV-152,Visiting family in Berlin,TRV,"Travel, elsewhere, and coming back",resourced,"Needs money, documents or mobility that not everyone has",any,Any age,others,Needs at least one other person,visa;border;airport;documents;money;family,6,*,primary,,2000,2026,5,2,600,4000,0,30,5,estimate,low,"Cheap rent, allegedly, and good trains. The reason most people cross a border at all. Needs permission from a state that has no obligation to give it.",details/TRV-152.csv,5
TRV-153,A wedding in Berlin,TRV,"Travel, elsewhere, and coming back",resourced,"Needs money, documents or mobility that not everyone has",any,Any age,others,Needs at least one other person,visa;border;airport;documents;money,5,*,primary,,2000,2026,5,2,600,4000,30,180,5,estimate,low,"Cheap rent, allegedly, and good trains. A date fixed months out that will not move. Needs permission from a state that has no obligation to give it.",details/TRV-153.csv,5
TRV-154,A funeral in Berlin,TRV,"Travel, elsewhere, and coming back",resourced,"Needs money, documents or mobility that not everyone has",any,Any age,others,Needs at least one other person,visa;border;airport;documents;money;discretion,6,*,primary,,2000,2026,4,2,600,4000,0,3,5,estimate,low,"Cheap rent, allegedly, and good trains. No notice, no flexibility, and you must be there. Needs permission from a state that has no obligation to give it.",details/TRV-154.csv,6
TRV-155,Studying in Berlin,TRV,"Travel, elsewhere, and coming back",resourced,"Needs money, documents or mobility that not everyone has",any,Any age,institution,"Needs a school, employer, bank or state to cooperate",credential;discretion;work;visa;border;airport;documents;money,8,*,primary,,2000,2026,5,2,600,4000,90,365,5,estimate,low,"Cheap rent, allegedly, and good trains. Months of paperwork before the first lecture. Needs permission from a state that has no obligation to give it.",details/TRV-155.csv,5
TRV-156,Work or a conference in Berlin,TRV,"Travel, elsewhere, and coming back",resourced,"Needs money, documents or mobility that not everyone has",any,Any age,institution,"Needs a school, employer, bank or state to cooperate",credential;discretion;work;visa;border;airport;documents;money,8,*,primary,,2000,2026,3,2,600,4000,14,120,5,estimate,low,"Cheap rent, allegedly, and good trains. Somebody else is paying, which changes everything. Needs permission from a state that has no obligation to give it.",details/TRV-156.csv,5
TRV-157,A holiday in Toronto,TRV,"Travel, elsewhere, and coming back",resourced,"Needs money, documents or mobility that not everyone has",any,Any age,travel_intl,Needs to cross an international border,visa;border;airport;documents;money,5,*,primary,,2000,2026,4,2,600,4000,0,21,5,estimate,low,Where a third of the family already is. Nothing to do and nowhere to be. Needs permission from a state that has no obligation to give it.,details/TRV-157.csv,5
TRV-158,Visiting family in Toronto,TRV,"Travel, elsewhere, and coming back",resourced,"Needs money, documents or mobility that not everyone has",any,Any age,others,Needs at least one other person,visa;border;airport;documents;money;family,6,*,primary,,2000,2026,5,2,600,4000,0,30,5,estimate,low,Where a third of the family already is. The reason most people cross a border at all. Needs permission from a state that has no obligation to give it.,details/TRV-158.csv,5
TRV-159,A wedding in Toronto,TRV,"Travel, elsewhere, and coming back",resourced,"Needs money, documents or mobility that not everyone has",any,Any age,others,Needs at least one other person,visa;border;airport;documents;money,5,*,primary,,2000,2026,5,2,600,4000,30,180,5,estimate,low,Where a third of the family already is. A date fixed months out that will not move. Needs permission from a state that has no obligation to give it.,details/TRV-159.csv,5
TRV-160,A funeral in Toronto,TRV,"Travel, elsewhere, and coming back",resourced,"Needs money, documents or mobility that not everyone has",any,Any age,others,Needs at least one other person,visa;border;airport;documents;money;discretion,6,*,primary,,2000,2026,4,2,600,4000,0,3,5,estimate,low,"Where a third of the family already is. No notice, no flexibility, and you must be there. Needs permission from a state that has no obligation to give it.",details/TRV-160.csv,6
TRV-161,Studying in Toronto,TRV,"Travel, elsewhere, and coming back",resourced,"Needs money, documents or mobility that not everyone has",any,Any age,institution,"Needs a school, employer, bank or state to cooperate",credential;discretion;work;visa;border;airport;documents;money,8,*,primary,,2000,2026,5,2,600,4000,90,365,5,estimate,low,Where a third of the family already is. Months of paperwork before the first lecture. Needs permission from a state that has no obligation to give it.,details/TRV-161.csv,5
TRV-162,Work or a conference in Toronto,TRV,"Travel, elsewhere, and coming back",resourced,"Needs money, documents or mobility that not everyone has",any,Any age,institution,"Needs a school, employer, bank or state to cooperate",credential;discretion;work;visa;border;airport;documents;money,8,*,primary,,2000,2026,3,2,600,4000,14,120,5,estimate,low,"Where a third of the family already is. Somebody else is paying, which changes everything. Needs permission from a state that has no obligation to give it.",details/TRV-162.csv,5
TRV-163,A holiday in New York,TRV,"Travel, elsewhere, and coming back",resourced,"Needs money, documents or mobility that not everyone has",any,Any age,travel_intl,Needs to cross an international border,visa;border;airport;documents;money,5,*,primary,,2000,2026,4,2,600,4000,0,21,5,estimate,low,Everyone has seen it before they see it. Nothing to do and nowhere to be. Needs permission from a state that has no obligation to give it.,details/TRV-163.csv,5
TRV-164,Visiting family in New York,TRV,"Travel, elsewhere, and coming back",resourced,"Needs money, documents or mobility that not everyone has",any,Any age,others,Needs at least one other person,visa;border;airport;documents;money;family,6,*,primary,,2000,2026,5,2,600,4000,0,30,5,estimate,low,Everyone has seen it before they see it. The reason most people cross a border at all. Needs permission from a state that has no obligation to give it.,details/TRV-164.csv,5
TRV-165,A wedding in New York,TRV,"Travel, elsewhere, and coming back",resourced,"Needs money, documents or mobility that not everyone has",any,Any age,others,Needs at least one other person,visa;border;airport;documents;money,5,*,primary,,2000,2026,5,2,600,4000,30,180,5,estimate,low,Everyone has seen it before they see it. A date fixed months out that will not move. Needs permission from a state that has no obligation to give it.,details/TRV-165.csv,5
TRV-166,A funeral in New York,TRV,"Travel, elsewhere, and coming back",resourced,"Needs money, documents or mobility that not everyone has",any,Any age,others,Needs at least one other person,visa;border;airport;documents;money;discretion,6,*,primary,,2000,2026,4,2,600,4000,0,3,5,estimate,low,"Everyone has seen it before they see it. No notice, no flexibility, and you must be there. Needs permission from a state that has no obligation to give it.",details/TRV-166.csv,6
TRV-167,Studying in New York,TRV,"Travel, elsewhere, and coming back",resourced,"Needs money, documents or mobility that not everyone has",any,Any age,institution,"Needs a school, employer, bank or state to cooperate",credential;discretion;work;visa;border;airport;documents;money,8,*,primary,,2000,2026,5,2,600,4000,90,365,5,estimate,low,Everyone has seen it before they see it. Months of paperwork before the first lecture. Needs permission from a state that has no obligation to give it.,details/TRV-167.csv,5
TRV-168,Work or a conference in New York,TRV,"Travel, elsewhere, and coming back",resourced,"Needs money, documents or mobility that not everyone has",any,Any age,institution,"Needs a school, employer, bank or state to cooperate",credential;discretion;work;visa;border;airport;documents;money,8,*,primary,,2000,2026,3,2,600,4000,14,120,5,estimate,low,"Everyone has seen it before they see it. Somebody else is paying, which changes everything. Needs permission from a state that has no obligation to give it.",details/TRV-168.csv,5
TRV-169,A holiday in Tokyo,TRV,"Travel, elsewhere, and coming back",resourced,"Needs money, documents or mobility that not everyone has",any,Any age,travel_intl,Needs to cross an international border,visa;border;airport;documents;money,5,*,primary,,2000,2026,4,2,600,4000,0,21,5,estimate,low,"Far, ordered, and completely legible once you arrive. Nothing to do and nowhere to be. Needs permission from a state that has no obligation to give it.",details/TRV-169.csv,5
TRV-170,Visiting family in Tokyo,TRV,"Travel, elsewhere, and coming back",resourced,"Needs money, documents or mobility that not everyone has",any,Any age,others,Needs at least one other person,visa;border;airport;documents;money;family,6,*,primary,,2000,2026,5,2,600,4000,0,30,5,estimate,low,"Far, ordered, and completely legible once you arrive. The reason most people cross a border at all. Needs permission from a state that has no obligation to give it.",details/TRV-170.csv,5
TRV-171,A wedding in Tokyo,TRV,"Travel, elsewhere, and coming back",resourced,"Needs money, documents or mobility that not everyone has",any,Any age,others,Needs at least one other person,visa;border;airport;documents;money,5,*,primary,,2000,2026,5,2,600,4000,30,180,5,estimate,low,"Far, ordered, and completely legible once you arrive. A date fixed months out that will not move. Needs permission from a state that has no obligation to give it.",details/TRV-171.csv,5
TRV-172,A funeral in Tokyo,TRV,"Travel, elsewhere, and coming back",resourced,"Needs money, documents or mobility that not everyone has",any,Any age,others,Needs at least one other person,visa;border;airport;documents;money;discretion,6,*,primary,,2000,2026,4,2,600,4000,0,3,5,estimate,low,"Far, ordered, and completely legible once you arrive. No notice, no flexibility, and you must be there. Needs permission from a state that has no obligation to give it.",details/TRV-172.csv,6
TRV-173,Studying in Tokyo,TRV,"Travel, elsewhere, and coming back",resourced,"Needs money, documents or mobility that not everyone has",any,Any age,institution,"Needs a school, employer, bank or state to cooperate",credential;discretion;work;visa;border;airport;documents;money,8,*,primary,,2000,2026,5,2,600,4000,90,365,5,estimate,low,"Far, ordered, and completely legible once you arrive. Months of paperwork before the first lecture. Needs permission from a state that has no obligation to give it.",details/TRV-173.csv,5
TRV-174,Work or a conference in Tokyo,TRV,"Travel, elsewhere, and coming back",resourced,"Needs money, documents or mobility that not everyone has",any,Any age,institution,"Needs a school, employer, bank or state to cooperate",credential;discretion;work;visa;border;airport;documents;money,8,*,primary,,2000,2026,3,2,600,4000,14,120,5,estimate,low,"Far, ordered, and completely legible once you arrive. Somebody else is paying, which changes everything. Needs permission from a state that has no obligation to give it.",details/TRV-174.csv,5
TRV-175,A holiday in Lisbon,TRV,"Travel, elsewhere, and coming back",resourced,"Needs money, documents or mobility that not everyone has",any,Any age,travel_intl,Needs to cross an international border,visa;border;airport;documents;money,5,*,primary,,2000,2026,4,2,600,4000,0,21,5,estimate,low,"Warm, cheap for a northern city, and on everyone's list. Nothing to do and nowhere to be. Needs permission from a state that has no obligation to give it.",details/TRV-175.csv,5
TRV-176,Visiting family in Lisbon,TRV,"Travel, elsewhere, and coming back",resourced,"Needs money, documents or mobility that not everyone has",any,Any age,others,Needs at least one other person,visa;border;airport;documents;money;family,6,*,primary,,2000,2026,5,2,600,4000,0,30,5,estimate,low,"Warm, cheap for a northern city, and on everyone's list. The reason most people cross a border at all. Needs permission from a state that has no obligation to give it.",details/TRV-176.csv,5
TRV-177,A wedding in Lisbon,TRV,"Travel, elsewhere, and coming back",resourced,"Needs money, documents or mobility that not everyone has",any,Any age,others,Needs at least one other person,visa;border;airport;documents;money,5,*,primary,,2000,2026,5,2,600,4000,30,180,5,estimate,low,"Warm, cheap for a northern city, and on everyone's list. A date fixed months out that will not move. Needs permission from a state that has no obligation to give it.",details/TRV-177.csv,5
TRV-178,A funeral in Lisbon,TRV,"Travel, elsewhere, and coming back",resourced,"Needs money, documents or mobility that not everyone has",any,Any age,others,Needs at least one other person,visa;border;airport;documents;money;discretion,6,*,primary,,2000,2026,4,2,600,4000,0,3,5,estimate,low,"Warm, cheap for a northern city, and on everyone's list. No notice, no flexibility, and you must be there. Needs permission from a state that has no obligation to give it.",details/TRV-178.csv,6
TRV-179,Studying in Lisbon,TRV,"Travel, elsewhere, and coming back",resourced,"Needs money, documents or mobility that not everyone has",any,Any age,institution,"Needs a school, employer, bank or state to cooperate",credential;discretion;work;visa;border;airport;documents;money,8,*,primary,,2000,2026,5,2,600,4000,90,365,5,estimate,low,"Warm, cheap for a northern city, and on everyone's list. Months of paperwork before the first lecture. Needs permission from a state that has no obligation to give it.",details/TRV-179.csv,5
TRV-180,Work or a conference in Lisbon,TRV,"Travel, elsewhere, and coming back",resourced,"Needs money, documents or mobility that not everyone has",any,Any age,institution,"Needs a school, employer, bank or state to cooperate",credential;discretion;work;visa;border;airport;documents;money,8,*,primary,,2000,2026,3,2,600,4000,14,120,5,estimate,low,"Warm, cheap for a northern city, and on everyone's list. Somebody else is paying, which changes everything. Needs permission from a state that has no obligation to give it.",details/TRV-180.csv,5
TRV-181,A holiday in Mecca for hajj,TRV,"Travel, elsewhere, and coming back",most,"Available to most people, given ordinary circumstances",any,Any age,travel_intl,Needs to cross an international border,visa;border;airport;documents,4,*,primary,,2000,2026,4,3,150,1200,0,21,5,estimate,low,"Saved for over years, and once is enough. Nothing to do and nowhere to be. Needs permission from a state that has no obligation to give it.",details/TRV-181.csv,5
TRV-182,Visiting family in Mecca for hajj,TRV,"Travel, elsewhere, and coming back",most,"Available to most people, given ordinary circumstances",any,Any age,others,Needs at least one other person,visa;documents;family,3,*,primary,,2000,2026,5,3,150,1200,0,30,5,estimate,low,"Saved for over years, and once is enough. The reason most people cross a border at all. Needs permission from a state that has no obligation to give it.",details/TRV-182.csv,5
TRV-183,A wedding in Mecca for hajj,TRV,"Travel, elsewhere, and coming back",most,"Available to most people, given ordinary circumstances",any,Any age,others,Needs at least one other person,visa;documents,2,*,primary,,2000,2026,5,3,150,1200,30,180,5,estimate,low,"Saved for over years, and once is enough. A date fixed months out that will not move. Needs permission from a state that has no obligation to give it.",details/TRV-183.csv,5
TRV-184,A funeral in Mecca for hajj,TRV,"Travel, elsewhere, and coming back",most,"Available to most people, given ordinary circumstances",any,Any age,others,Needs at least one other person,visa;documents;discretion,3,*,primary,,2000,2026,4,3,150,1200,0,3,5,estimate,low,"Saved for over years, and once is enough. No notice, no flexibility, and you must be there. Needs permission from a state that has no obligation to give it.",details/TRV-184.csv,6
TRV-185,Studying in Mecca for hajj,TRV,"Travel, elsewhere, and coming back",most,"Available to most people, given ordinary circumstances",any,Any age,institution,"Needs a school, employer, bank or state to cooperate",credential;discretion;work;visa;documents;money,6,*,primary,,2000,2026,5,3,150,1200,90,365,5,estimate,low,"Saved for over years, and once is enough. Months of paperwork before the first lecture. Needs permission from a state that has no obligation to give it.",details/TRV-185.csv,5
TRV-186,Work or a conference in Mecca for hajj,TRV,"Travel, elsewhere, and coming back",most,"Available to most people, given ordinary circumstances",any,Any age,institution,"Needs a school, employer, bank or state to cooperate",credential;discretion;work;visa;documents,5,*,primary,,2000,2026,3,3,150,1200,14,120,5,estimate,low,"Saved for over years, and once is enough. Somebody else is paying, which changes everything. Needs permission from a state that has no obligation to give it.",details/TRV-186.csv,5
TRV-187,A holiday in Rome,TRV,"Travel, elsewhere, and coming back",resourced,"Needs money, documents or mobility that not everyone has",any,Any age,travel_intl,Needs to cross an international border,visa;border;airport;documents;money,5,*,primary,,2000,2026,4,2,600,4000,0,21,5,estimate,low,"Old stone and too many people, and still worth it. Nothing to do and nowhere to be. Needs permission from a state that has no obligation to give it.",details/TRV-187.csv,5
TRV-188,Visiting family in Rome,TRV,"Travel, elsewhere, and coming back",resourced,"Needs money, documents or mobility that not everyone has",any,Any age,others,Needs at least one other person,visa;border;airport;documents;money;family,6,*,primary,,2000,2026,5,2,600,4000,0,30,5,estimate,low,"Old stone and too many people, and still worth it. The reason most people cross a border at all. Needs permission from a state that has no obligation to give it.",details/TRV-188.csv,5
TRV-189,A wedding in Rome,TRV,"Travel, elsewhere, and coming back",resourced,"Needs money, documents or mobility that not everyone has",any,Any age,others,Needs at least one other person,visa;border;airport;documents;money,5,*,primary,,2000,2026,5,2,600,4000,30,180,5,estimate,low,"Old stone and too many people, and still worth it. A date fixed months out that will not move. Needs permission from a state that has no obligation to give it.",details/TRV-189.csv,5
TRV-190,A funeral in Rome,TRV,"Travel, elsewhere, and coming back",resourced,"Needs money, documents or mobility that not everyone has",any,Any age,others,Needs at least one other person,visa;border;airport;documents;money;discretion,6,*,primary,,2000,2026,4,2,600,4000,0,3,5,estimate,low,"Old stone and too many people, and still worth it. No notice, no flexibility, and you must be there. Needs permission from a state that has no obligation to give it.",details/TRV-190.csv,6
TRV-191,Studying in Rome,TRV,"Travel, elsewhere, and coming back",resourced,"Needs money, documents or mobility that not everyone has",any,Any age,institution,"Needs a school, employer, bank or state to cooperate",credential;discretion;work;visa;border;airport;documents;money,8,*,primary,,2000,2026,5,2,600,4000,90,365,5,estimate,low,"Old stone and too many people, and still worth it. Months of paperwork before the first lecture. Needs permission from a state that has no obligation to give it.",details/TRV-191.csv,5
TRV-192,Work or a conference in Rome,TRV,"Travel, elsewhere, and coming back",resourced,"Needs money, documents or mobility that not everyone has",any,Any age,institution,"Needs a school, employer, bank or state to cooperate",credential;discretion;work;visa;border;airport;documents;money,8,*,primary,,2000,2026,3,2,600,4000,14,120,5,estimate,low,"Old stone and too many people, and still worth it. Somebody else is paying, which changes everything. Needs permission from a state that has no obligation to give it.",details/TRV-192.csv,5
NAT-001,The first rain after the dry season,NAT,"Weather, land, water, animals, the outdoors",situational,"Needs particular circumstances - a child, a garden, a coast",any,Any age,place,"Needs a specific place - a coast, a grove, a hall",land;weather,2,*,primary,,2000,2026,5,4,0,30,0,0,5,estimate,low,"The smell before it arrives is better than the rain. Costs nothing or close to it, and in a dataset built around things that require permission, this is a category that largely does not.",details/NAT-001.csv,5
NAT-002,Rain on a metal roof at night,NAT,"Weather, land, water, animals, the outdoors",anyone,"Available to essentially anyone, anywhere",any,Any age,none,Needs nothing but being alive and present,,0,*,primary,,2000,2026,5,4,0,0,0,0,5,estimate,low,"The specific sound that makes a room feel safe. Costs nothing or close to it, and in a dataset built around things that require permission, this is a category that largely does not.",details/NAT-002.csv,5
NAT-003,Sitting outside when the heat finally breaks,NAT,"Weather, land, water, animals, the outdoors",anyone,"Available to essentially anyone, anywhere",any,Any age,none,Needs nothing but being alive and present,,0,*,primary,,2000,2026,4,4,0,0,0,0,5,estimate,low,"Around seven, when the air gives up. Costs nothing or close to it, and in a dataset built around things that require permission, this is a category that largely does not.",details/NAT-003.csv,5
NAT-004,Swimming in water you can stand up in,NAT,"Weather, land, water, animals, the outdoors",situational,"Needs particular circumstances - a child, a garden, a coast",any,Any age,place,"Needs a specific place - a coast, a grove, a hall",land;weather,2,*,primary,,2000,2026,5,4,0,30,0,0,5,estimate,low,"Sea, river or reservoir. The body remembers how. Costs nothing or close to it, and in a dataset built around things that require permission, this is a category that largely does not.",details/NAT-004.csv,5
NAT-005,A tree you have known your whole life,NAT,"Weather, land, water, animals, the outdoors",anyone,"Available to essentially anyone, anywhere",any,Any age,none,Needs nothing but being alive and present,,0,*,primary,,2000,2026,4,4,0,0,0,0,5,estimate,low,"Bigger than it was, and still there. Costs nothing or close to it, and in a dataset built around things that require permission, this is a category that largely does not.",details/NAT-005.csv,5
NAT-006,Walking somewhere with no destination,NAT,"Weather, land, water, animals, the outdoors",anyone,"Available to essentially anyone, anywhere",any,Any age,none,Needs nothing but being alive and present,,0,*,primary,,2000,2026,4,4,0,0,0,0,5,estimate,low,"An hour out and an hour back, for nothing. Costs nothing or close to it, and in a dataset built around things that require permission, this is a category that largely does not.",details/NAT-006.csv,5
NAT-007,Finding shade at exactly the right moment,NAT,"Weather, land, water, animals, the outdoors",anyone,"Available to essentially anyone, anywhere",any,Any age,none,Needs nothing but being alive and present,,0,*,primary,,2000,2026,4,4,0,0,0,0,5,estimate,low,"A small mercy, reliably available. Costs nothing or close to it, and in a dataset built around things that require permission, this is a category that largely does not.",details/NAT-007.csv,5
NAT-008,A dog that is pleased you came home,NAT,"Weather, land, water, animals, the outdoors",anyone,"Available to essentially anyone, anywhere",any,Any age,none,Needs nothing but being alive and present,,0,*,primary,,2000,2026,5,4,0,0,0,0,5,estimate,low,"Uncomplicated, repeatable, and entirely sincere. Costs nothing or close to it, and in a dataset built around things that require permission, this is a category that largely does not.",details/NAT-008.csv,5
NAT-009,A cat deciding to sit on you,NAT,"Weather, land, water, animals, the outdoors",anyone,"Available to essentially anyone, anywhere",any,Any age,none,Needs nothing but being alive and present,,0,*,primary,,2000,2026,4,4,0,0,0,0,5,estimate,low,"Chosen, for reasons never explained. Costs nothing or close to it, and in a dataset built around things that require permission, this is a category that largely does not.",details/NAT-009.csv,5
NAT-010,Watching birds do something specific,NAT,"Weather, land, water, animals, the outdoors",anyone,"Available to essentially anyone, anywhere",any,Any age,none,Needs nothing but being alive and present,,0,*,primary,,2000,2026,4,4,0,0,0,0,5,estimate,low,"Not birdwatching. Just one bird, doing one thing. Costs nothing or close to it, and in a dataset built around things that require permission, this is a category that largely does not.",details/NAT-010.csv,5
NAT-011,The moon when it is unreasonably large,NAT,"Weather, land, water, animals, the outdoors",anyone,"Available to essentially anyone, anywhere",any,Any age,none,Needs nothing but being alive and present,,0,*,primary,,2000,2026,4,4,0,0,0,0,5,estimate,low,"Everyone photographs it and no photograph works. Costs nothing or close to it, and in a dataset built around things that require permission, this is a category that largely does not.",details/NAT-011.csv,5
NAT-012,A sky with actual stars in it,NAT,"Weather, land, water, animals, the outdoors",situational,"Needs particular circumstances - a child, a garden, a coast",any,Any age,place,"Needs a specific place - a coast, a grove, a hall",land;weather,2,*,primary,,2000,2026,5,4,0,30,0,0,5,estimate,low,"Requires being away from the lights, which is its own trip. Costs nothing or close to it, and in a dataset built around things that require permission, this is a category that largely does not.",details/NAT-012.csv,5
NAT-013,Fog that makes a familiar street strange,NAT,"Weather, land, water, animals, the outdoors",anyone,"Available to essentially anyone, anywhere",any,Any age,none,Needs nothing but being alive and present,,0,*,primary,,2000,2026,4,4,0,0,0,0,5,estimate,low,"The same road, temporarily unfamiliar. Costs nothing or close to it, and in a dataset built around things that require permission, this is a category that largely does not.",details/NAT-013.csv,5
NAT-014,"Snow, for someone who does not get snow",NAT,"Weather, land, water, animals, the outdoors",situational,"Needs particular circumstances - a child, a garden, a coast",any,Any age,place,"Needs a specific place - a coast, a grove, a hall",land;weather,2,*,primary,,2000,2026,5,4,0,30,0,0,5,estimate,low,"The first time is genuinely disorienting. Costs nothing or close to it, and in a dataset built around things that require permission, this is a category that largely does not.",details/NAT-014.csv,5
NAT-015,Harmattan haze and cold mornings,NAT,"Weather, land, water, animals, the outdoors",anyone,"Available to essentially anyone, anywhere",any,Any age,none,Needs nothing but being alive and present,,0,NG,primary,,2000,2026,4,4,0,0,0,0,5,estimate,low,"Dust in the air and a sweater in December. Costs nothing or close to it, and in a dataset built around things that require permission, this is a category that largely does not.",details/NAT-015.csv,5
NAT-016,The rains breaking over Lagos,NAT,"Weather, land, water, animals, the outdoors",anyone,"Available to essentially anyone, anywhere",any,Any age,none,Needs nothing but being alive and present,,0,NG,primary,,2000,2026,4,4,0,0,0,0,5,estimate,low,"Traffic ruined, and everyone slightly happier. Costs nothing or close to it, and in a dataset built around things that require permission, this is a category that largely does not.",details/NAT-016.csv,5
NAT-017,A garden in Shiraz in spring,NAT,"Weather, land, water, animals, the outdoors",situational,"Needs particular circumstances - a child, a garden, a coast",any,Any age,place,"Needs a specific place - a coast, a grove, a hall",land;weather,2,IR,primary,,2000,2026,5,4,0,30,0,0,5,estimate,low,"Built specifically so people could sit in it. Costs nothing or close to it, and in a dataset built around things that require permission, this is a category that largely does not.",details/NAT-017.csv,5
NAT-018,Snow on the mountains above Tehran,NAT,"Weather, land, water, animals, the outdoors",anyone,"Available to essentially anyone, anywhere",any,Any age,none,Needs nothing but being alive and present,,0,IR,primary,,2000,2026,4,4,0,0,0,0,5,estimate,low,"Visible from the city on a clear day. Costs nothing or close to it, and in a dataset built around things that require permission, this is a category that largely does not.",details/NAT-018.csv,5
NAT-019,Olive groves in the week before harvest,NAT,"Weather, land, water, animals, the outdoors",situational,"Needs particular circumstances - a child, a garden, a coast",any,Any age,place,"Needs a specific place - a coast, a grove, a hall",land;weather,2,PS,primary,,2000,2026,5,4,0,30,0,0,5,estimate,low,"Quiet, and about to be extremely busy. Costs nothing or close to it, and in a dataset built around things that require permission, this is a category that largely does not.",details/NAT-019.csv,5
NAT-020,The first September rain that softens the ground,NAT,"Weather, land, water, animals, the outdoors",anyone,"Available to essentially anyone, anywhere",any,Any age,none,Needs nothing but being alive and present,,0,PS,primary,,2000,2026,5,4,0,0,0,0,5,estimate,low,"Talat al-matar, said to bring barakeh for the year. Costs nothing or close to it, and in a dataset built around things that require permission, this is a category that largely does not.",details/NAT-020.csv,5
NAT-021,Autumn where the trees actually change,NAT,"Weather, land, water, animals, the outdoors",situational,"Needs particular circumstances - a child, a garden, a coast",any,Any age,place,"Needs a specific place - a coast, a grove, a hall",land;weather,2,US,primary,,2000,2026,4,4,0,30,0,0,5,estimate,low,"A whole tourism industry, and it still works. Costs nothing or close to it, and in a dataset built around things that require permission, this is a category that largely does not.",details/NAT-021.csv,5
NAT-022,A lake early enough that nobody else is up,NAT,"Weather, land, water, animals, the outdoors",situational,"Needs particular circumstances - a child, a garden, a coast",any,Any age,place,"Needs a specific place - a coast, a grove, a hall",land;weather,2,US,primary,,2000,2026,5,4,0,30,0,0,5,estimate,low,"Flat water and no engines. Costs nothing or close to it, and in a dataset built around things that require permission, this is a category that largely does not.",details/NAT-022.csv,5
NAT-023,Growing something and it not dying,NAT,"Weather, land, water, animals, the outdoors",situational,"Needs particular circumstances - a child, a garden, a coast",any,Any age,place,"Needs a specific place - a coast, a grove, a hall",land;weather,2,*,primary,,2000,2026,5,4,0,30,0,0,5,estimate,low,"Three tomatoes. An unreasonable amount of pride. Costs nothing or close to it, and in a dataset built around things that require permission, this is a category that largely does not.",details/NAT-023.csv,5
NAT-024,Fruit off your own tree,NAT,"Weather, land, water, animals, the outdoors",situational,"Needs particular circumstances - a child, a garden, a coast",any,Any age,place,"Needs a specific place - a coast, a grove, a hall",land;weather,2,*,primary,,2000,2026,5,4,0,30,0,0,5,estimate,low,"Tastes measurably better for reasons that are not about flavour. Costs nothing or close to it, and in a dataset built around things that require permission, this is a category that largely does not.",details/NAT-024.csv,5
NAT-025,An animal that is not afraid of you,NAT,"Weather, land, water, animals, the outdoors",anyone,"Available to essentially anyone, anywhere",any,Any age,none,Needs nothing but being alive and present,,0,*,primary,,2000,2026,4,4,0,0,0,0,5,estimate,low,"Briefly, and on its terms. Costs nothing or close to it, and in a dataset built around things that require permission, this is a category that largely does not.",details/NAT-025.csv,5
NAT-026,Wind strong enough to lean on,NAT,"Weather, land, water, animals, the outdoors",situational,"Needs particular circumstances - a child, a garden, a coast",any,Any age,place,"Needs a specific place - a coast, a grove, a hall",land;weather,2,*,primary,,2000,2026,4,4,0,30,0,0,5,estimate,low,"Slightly frightening and entirely free. Costs nothing or close to it, and in a dataset built around things that require permission, this is a category that largely does not.",details/NAT-026.csv,5
NAT-027,Water you can drink straight from,NAT,"Weather, land, water, animals, the outdoors",situational,"Needs particular circumstances - a child, a garden, a coast",any,Any age,place,"Needs a specific place - a coast, a grove, a hall",land;weather,2,*,primary,,2000,2026,5,4,0,30,0,0,5,estimate,low,"Rarer than it should be, and noticeable when it happens. Costs nothing or close to it, and in a dataset built around things that require permission, this is a category that largely does not.",details/NAT-027.csv,5
NAT-028,"The sea, from a height",NAT,"Weather, land, water, animals, the outdoors",situational,"Needs particular circumstances - a child, a garden, a coast",any,Any age,place,"Needs a specific place - a coast, a grove, a hall",land;weather,2,*,primary,,2000,2026,5,4,0,30,0,0,5,estimate,low,"The moment it comes into view from the road. Costs nothing or close to it, and in a dataset built around things that require permission, this is a category that largely does not.",details/NAT-028.csv,5
NAT-029,A field at the exact hour before dark,NAT,"Weather, land, water, animals, the outdoors",anyone,"Available to essentially anyone, anywhere",any,Any age,none,Needs nothing but being alive and present,,0,*,primary,,2000,2026,5,4,0,0,0,0,5,estimate,low,"The light everyone tries to photograph. Costs nothing or close to it, and in a dataset built around things that require permission, this is a category that largely does not.",details/NAT-029.csv,5
NAT-030,Weather so bad it becomes funny,NAT,"Weather, land, water, animals, the outdoors",anyone,"Available to essentially anyone, anywhere",any,Any age,none,Needs nothing but being alive and present,,0,*,primary,,2000,2026,4,4,0,0,0,0,5,estimate,low,"Shared with whoever is stuck in it with you. Costs nothing or close to it, and in a dataset built around things that require permission, this is a category that largely does not.",details/NAT-030.csv,5
CEL-001,Nowruz,CEL,"Celebration, festival, ceremony, the day itself",most,"Available to most people, given ordinary circumstances",any,Any age,others,Needs at least one other person,money;family,2,IR,primary,,2000,2026,5,2,20,3000,14,30,5,estimate,low,"The year turns at the equinox, to the minute. The haft-sin laid out with seven things beginning with the same letter - sabzeh for rebirth, samanu for plenty, senjed for love, seer for health, seeb for beauty, somaq for the victory of good, serkeh for patience.",details/CEL-001.csv,6
CEL-002,Chaharshanbe Suri,CEL,"Celebration, festival, ceremony, the day itself",most,"Available to most people, given ordinary circumstances",any,Any age,others,Needs at least one other person,money;family,2,IR,primary,,2000,2026,4,2,20,3000,3,14,5,estimate,low,Fires in the street on the last Wednesday eve before the new year. Jumping the flame and chanting the line about giving it your winter pallor and taking its red - a Zoroastrian inheritance turned into a street party.,details/CEL-002.csv,6
CEL-003,Shab-e Yalda,CEL,"Celebration, festival, ceremony, the day itself",most,"Available to most people, given ordinary circumstances",any,Any age,others,Needs at least one other person,money;family,2,IR,primary,,2000,2026,5,2,20,3000,1,14,5,estimate,low,"The longest night, spent deliberately awake. Pomegranate and watermelon for the red of dawn, the korsi to sit under, and Hafez opened at random to be read as a fortune.",details/CEL-003.csv,6
CEL-004,Sizdah Bedar,CEL,"Celebration, festival, ceremony, the day itself",most,"Available to most people, given ordinary circumstances",any,Any age,others,Needs at least one other person,money;family,2,IR,primary,,2000,2026,4,2,20,3000,1,7,5,estimate,low,"The thirteenth day, spent outdoors on principle. The sabzeh from the haft-sin thrown into running water, and everybody in the country apparently in the same park.",details/CEL-004.csv,6
CEL-005,An owambe,CEL,"Celebration, festival, ceremony, the day itself",most,"Available to most people, given ordinary circumstances",any,Any age,others,Needs at least one other person,money;family,2,NG,primary,,2000,2026,5,2,20,3000,7,60,5,estimate,low,"It is happening there, and everyone is going. Aso ebi so the family is visibly one family, gele that took someone forty minutes, jollof that will be judged, and money sprayed over the dancers because prosperity is meant to be seen.",details/CEL-005.csv,6
CEL-006,A naming ceremony,CEL,"Celebration, festival, ceremony, the day itself",most,"Available to most people, given ordinary circumstances",any,Any age,others,Needs at least one other person,money;family,2,NG,primary,,2000,2026,5,2,20,3000,7,30,5,estimate,low,"Ikomojade - the child stepping forward. The symbolic tastes touched to the child's lips, honey and salt and kola, then the names announced, each one carrying an instruction for the life.",details/CEL-006.csv,6
CEL-007,A traditional wedding with two outfits,CEL,"Celebration, festival, ceremony, the day itself",most,"Available to most people, given ordinary circumstances",any,Any age,others,Needs at least one other person,money;family,2,NG,primary,,2000,2026,5,2,20,3000,60,365,5,estimate,low,"The traditional one and the white one, and both are real. Two ceremonies, two guest lists, two sets of photographs, and an argument about the budget that will be retold for thirty years.",details/CEL-007.csv,6
CEL-008,Christmas back in the village,CEL,"Celebration, festival, ceremony, the day itself",most,"Available to most people, given ordinary circumstances",any,Any age,travel_domestic,Needs to cross your own country,transport;security;police;family,4,NG,primary,,2000,2026,5,2,20,3000,30,90,5,estimate,low,The whole city empties in the third week of December. The road out is a twelve-hour crawl and everyone does it anyway.,details/CEL-008.csv,6
CEL-009,The olive harvest,CEL,"Celebration, festival, ceremony, the day itself",most,"Available to most people, given ordinary circumstances",any,Any age,place,"Needs a specific place - a coast, a grove, a hall",land;weather,2,PS,primary,,2000,2026,5,2,20,3000,14,60,5,estimate,low,"Mawsim al-zaytoun, from October, the whole family in the grove. Sheets under the trees, singing, bread with oil and za'atar eaten standing up, and a grandmother directing operations from a chair.",details/CEL-009.csv,6
CEL-010,A sahra before a wedding,CEL,"Celebration, festival, ceremony, the day itself",most,"Available to most people, given ordinary circumstances",any,Any age,others,Needs at least one other person,money;family,2,PS,primary,,2000,2026,5,2,20,3000,3,21,5,estimate,low,"The evening party at the groom's family's house. The groom shaved in front of everybody to cheering, henna on the hands, and the singing going until it is properly late.",details/CEL-010.csv,6
CEL-011,The zaffe,CEL,"Celebration, festival, ceremony, the day itself",most,"Available to most people, given ordinary circumstances",any,Any age,others,Needs at least one other person,money;family,2,PS,primary,,2000,2026,5,2,20,3000,30,180,5,estimate,low,"The wedding procession, with drums. Zaghareet from the women, the drummers walking the couple in, and the line for dabke forming before anyone has decided to dance.",details/CEL-011.csv,6
CEL-012,Dabke at a wedding,CEL,"Celebration, festival, ceremony, the day itself",most,"Available to most people, given ordinary circumstances",any,Any age,others,Needs at least one other person,money;family,2,PS,primary,,2000,2026,5,2,20,3000,0,30,5,estimate,low,"The line forms and you are in it. A lawih setting the pace at the front, the Karadiyya loop that lets people join without knowing it, and somebody's uncle who is far better at this than expected.",details/CEL-012.csv,6
CEL-013,Eid after the fast,CEL,"Celebration, festival, ceremony, the day itself",most,"Available to most people, given ordinary circumstances",any,Any age,others,Needs at least one other person,money;family,2,*,primary,,2000,2026,5,2,20,3000,1,30,5,estimate,low,"New clothes, and food in the middle of the day. The first daylight meal in a month, and children given money by everyone they are related to.",details/CEL-013.csv,6
CEL-014,Thanksgiving,CEL,"Celebration, festival, ceremony, the day itself",most,"Available to most people, given ordinary circumstances",any,Any age,others,Needs at least one other person,money;family,2,US,primary,,2000,2026,4,2,20,3000,7,30,5,estimate,low,"A meal with an argument built into the design. Too much food, one relative who says the thing, and leftovers that are better than the meal.",details/CEL-014.csv,6
CEL-015,Fourth of July in a yard,CEL,"Celebration, festival, ceremony, the day itself",most,"Available to most people, given ordinary circumstances",any,Any age,others,Needs at least one other person,money;family,2,US,primary,,2000,2026,4,2,20,3000,1,14,5,estimate,low,"Fireworks from three streets away, seen over a fence. Somebody's cooler, somebody's playlist, and the neighbours' dog hating all of it.",details/CEL-015.csv,6
CEL-016,A graduation,CEL,"Celebration, festival, ceremony, the day itself",most,"Available to most people, given ordinary circumstances",any,Any age,institution,"Needs a school, employer, bank or state to cooperate",credential;discretion;work;money,4,*,primary,,2000,2026,5,2,20,3000,30,180,5,estimate,low,"A gown that does not fit and a name read out loud. Mostly for the people in the seats rather than the person on the stage, and everyone knows it.",details/CEL-016.csv,6
CEL-017,A birthday that somebody organised,CEL,"Celebration, festival, ceremony, the day itself",most,"Available to most people, given ordinary circumstances",any,Any age,others,Needs at least one other person,money;family,2,*,primary,,2000,2026,5,2,20,3000,3,30,5,estimate,low,The surprise is that anyone made the effort. The specific pleasure is evidence of attention rather than the party.,details/CEL-017.csv,6
CEL-018,A christening or baptism,CEL,"Celebration, festival, ceremony, the day itself",most,"Available to most people, given ordinary circumstances",any,Any age,others,Needs at least one other person,money;family,2,*,primary,,2000,2026,4,2,20,3000,14,60,5,estimate,low,"A very small person, extremely unimpressed. Photographs that will be produced at that person's wedding.",details/CEL-018.csv,6
CEL-019,A housewarming with no furniture,CEL,"Celebration, festival, ceremony, the day itself",most,"Available to most people, given ordinary circumstances",any,Any age,others,Needs at least one other person,money;family,2,*,primary,,2000,2026,4,2,20,3000,1,14,5,estimate,low,"Everyone sitting on the floor and boxes. The best version of this party, and it can only happen once.",details/CEL-019.csv,6
CEL-020,A funeral that turns into a celebration,CEL,"Celebration, festival, ceremony, the day itself",most,"Available to most people, given ordinary circumstances",any,Any age,others,Needs at least one other person,money;family,2,*,primary,,2000,2026,4,2,20,3000,0,7,5,estimate,low,"The part after, where people finally start telling stories. The moment the room shifts from grief to recollection, and someone laughs and it is allowed.",details/CEL-020.csv,6
CEL-021,A homecoming,CEL,"Celebration, festival, ceremony, the day itself",most,"Available to most people, given ordinary circumstances",any,Any age,others,Needs at least one other person,money;family,2,*,primary,,2000,2026,5,2,20,3000,7,365,5,estimate,low,"Someone who has been away a long time, at the door. The airport pickup, the too-many people who came, and nobody sleeping.",details/CEL-021.csv,6
CEL-022,New Year wherever you are,CEL,"Celebration, festival, ceremony, the day itself",most,"Available to most people, given ordinary circumstances",any,Any age,others,Needs at least one other person,money;family,2,*,primary,,2000,2026,4,2,20,3000,1,30,5,estimate,low,"The specific silliness of a countdown. Whatever else is true, everyone agrees to mark the same second.",details/CEL-022.csv,6
CEL-023,"Harvest, of anything",CEL,"Celebration, festival, ceremony, the day itself",most,"Available to most people, given ordinary circumstances",any,Any age,place,"Needs a specific place - a coast, a grove, a hall",land;weather,2,*,primary,,2000,2026,4,2,20,3000,7,60,5,estimate,low,"The year's work, finished and countable. The relief is larger than the yield.",details/CEL-023.csv,6
CEL-024,A festival you went to by accident,CEL,"Celebration, festival, ceremony, the day itself",most,"Available to most people, given ordinary circumstances",any,Any age,travel_local,Needs to move around your own town,transport;security,2,*,primary,,2000,2026,4,2,20,3000,0,3,5,estimate,low,"Walked into a street that was closed for a reason. No preparation, no expectation, and therefore no way to be disappointed.",details/CEL-024.csv,6
FAM-001,Being carried when you were too big to be carried,FAM,"Family and kin, the people you did not choose",most,"Available to most people, given ordinary circumstances",infancy,0-3,none,Needs nothing but being alive and present,family,1,*,primary,,2000,2026,5,3,0,100,0,0,5,estimate,low,"Kin, which you did not select and cannot resign from, working the way it is supposed to.",details/FAM-001.csv,5
FAM-002,A grandparent who told you things nobody else did,FAM,"Family and kin, the people you did not choose",most,"Available to most people, given ordinary circumstances",childhood,4-12,others,Needs at least one other person,family,1,*,primary,,2000,2026,5,3,0,100,0,0,5,estimate,low,"Kin, which you did not select and cannot resign from, working the way it is supposed to.",details/FAM-002.csv,5
FAM-003,Being taught to cook by someone who never measured anything,FAM,"Family and kin, the people you did not choose",most,"Available to most people, given ordinary circumstances",childhood,4-12,others,Needs at least one other person,family,1,*,primary,,2000,2026,5,3,0,100,0,0,5,estimate,low,"Kin, which you did not select and cannot resign from, working the way it is supposed to.",details/FAM-003.csv,5
FAM-004,A parent turning up to the thing,FAM,"Family and kin, the people you did not choose",most,"Available to most people, given ordinary circumstances",childhood,4-12,others,Needs at least one other person,family,1,*,primary,,2000,2026,5,3,0,100,0,0,5,estimate,low,"Kin, which you did not select and cannot resign from, working the way it is supposed to.",details/FAM-004.csv,5
FAM-005,Being believed when you said something had happened,FAM,"Family and kin, the people you did not choose",most,"Available to most people, given ordinary circumstances",childhood,4-12,others,Needs at least one other person,family,1,*,primary,,2000,2026,5,3,0,100,0,0,5,estimate,low,"Kin, which you did not select and cannot resign from, working the way it is supposed to.",details/FAM-005.csv,5
FAM-006,A sibling who covered for you,FAM,"Family and kin, the people you did not choose",most,"Available to most people, given ordinary circumstances",adolescence,13-19,others,Needs at least one other person,family,1,*,primary,,2000,2026,5,3,0,100,0,0,5,estimate,low,"Kin, which you did not select and cannot resign from, working the way it is supposed to.",details/FAM-006.csv,5
FAM-007,The first adult conversation with a parent,FAM,"Family and kin, the people you did not choose",most,"Available to most people, given ordinary circumstances",young_adult,20-34,others,Needs at least one other person,family,1,*,primary,,2000,2026,5,3,0,100,0,0,5,estimate,low,"Kin, which you did not select and cannot resign from, working the way it is supposed to.",details/FAM-007.csv,5
FAM-008,Being asked for advice by someone older than you,FAM,"Family and kin, the people you did not choose",most,"Available to most people, given ordinary circumstances",adult,35-54,others,Needs at least one other person,family,1,*,primary,,2000,2026,4,3,0,100,0,0,5,estimate,low,"Kin, which you did not select and cannot resign from, working the way it is supposed to.",details/FAM-008.csv,5
FAM-009,Realising you like your family as people,FAM,"Family and kin, the people you did not choose",most,"Available to most people, given ordinary circumstances",adult,35-54,others,Needs at least one other person,family,1,*,primary,,2000,2026,5,3,0,100,0,0,5,estimate,low,"Kin, which you did not select and cannot resign from, working the way it is supposed to.",details/FAM-009.csv,5
FAM-010,A cousin who is functionally a sibling,FAM,"Family and kin, the people you did not choose",most,"Available to most people, given ordinary circumstances",any,Any age,others,Needs at least one other person,family,1,*,primary,,2000,2026,5,3,0,100,0,0,5,estimate,low,"Kin, which you did not select and cannot resign from, working the way it is supposed to.",details/FAM-010.csv,5
FAM-011,An aunt who always had money for you,FAM,"Family and kin, the people you did not choose",most,"Available to most people, given ordinary circumstances",childhood,4-12,others,Needs at least one other person,family,1,*,primary,,2000,2026,4,3,0,100,0,0,5,estimate,low,"Kin, which you did not select and cannot resign from, working the way it is supposed to.",details/FAM-011.csv,5
FAM-012,The family member who is the reason you have your job,FAM,"Family and kin, the people you did not choose",most,"Available to most people, given ordinary circumstances",young_adult,20-34,others,Needs at least one other person,family,1,*,primary,,2000,2026,4,3,0,100,0,0,5,estimate,low,"Kin, which you did not select and cannot resign from, working the way it is supposed to.",details/FAM-012.csv,5
FAM-013,Someone keeping a family recipe alive on purpose,FAM,"Family and kin, the people you did not choose",most,"Available to most people, given ordinary circumstances",any,Any age,others,Needs at least one other person,family,1,*,primary,,2000,2026,5,3,0,100,0,0,5,estimate,low,"Kin, which you did not select and cannot resign from, working the way it is supposed to.",details/FAM-013.csv,5
FAM-014,A father who apologised,FAM,"Family and kin, the people you did not choose",most,"Available to most people, given ordinary circumstances",any,Any age,others,Needs at least one other person,family,1,*,primary,,2000,2026,5,3,0,100,0,0,5,estimate,low,"Kin, which you did not select and cannot resign from, working the way it is supposed to.",details/FAM-014.csv,5
FAM-015,Sitting with a parent in hospital and it being fine,FAM,"Family and kin, the people you did not choose",most,"Available to most people, given ordinary circumstances",adult,35-54,health,"Needs a working body, or a health system",health;care;family,3,*,primary,,2000,2026,4,3,0,100,0,0,5,estimate,low,"Kin, which you did not select and cannot resign from, working the way it is supposed to.",details/FAM-015.csv,5
FAM-016,Teaching a parent to use something,FAM,"Family and kin, the people you did not choose",most,"Available to most people, given ordinary circumstances",adult,35-54,power,"Needs electricity, connectivity or equipment",power;platform;family,3,*,primary,,2000,2026,4,3,0,100,0,0,5,estimate,low,"Kin, which you did not select and cannot resign from, working the way it is supposed to.",details/FAM-016.csv,5
FAM-017,A family group chat that is actually funny,FAM,"Family and kin, the people you did not choose",most,"Available to most people, given ordinary circumstances",any,Any age,power,"Needs electricity, connectivity or equipment",power;platform;family,3,*,primary,,2000,2026,4,3,0,100,0,0,5,estimate,low,"Kin, which you did not select and cannot resign from, working the way it is supposed to.",details/FAM-017.csv,5
FAM-018,Being told a story about yourself that you cannot remember,FAM,"Family and kin, the people you did not choose",most,"Available to most people, given ordinary circumstances",any,Any age,others,Needs at least one other person,family,1,*,primary,,2000,2026,5,3,0,100,0,0,5,estimate,low,"Kin, which you did not select and cannot resign from, working the way it is supposed to.",details/FAM-018.csv,5
FAM-019,Somebody keeping your childhood drawings,FAM,"Family and kin, the people you did not choose",most,"Available to most people, given ordinary circumstances",any,Any age,none,Needs nothing but being alive and present,family,1,*,primary,,2000,2026,5,3,0,100,0,0,5,estimate,low,"Kin, which you did not select and cannot resign from, working the way it is supposed to.",details/FAM-019.csv,5
FAM-020,A relative who came when it mattered and said nothing,FAM,"Family and kin, the people you did not choose",most,"Available to most people, given ordinary circumstances",any,Any age,others,Needs at least one other person,family,1,*,primary,,2000,2026,5,3,0,100,0,0,5,estimate,low,"Kin, which you did not select and cannot resign from, working the way it is supposed to.",details/FAM-020.csv,5
FAM-021,Finding out your parents were interesting before you,FAM,"Family and kin, the people you did not choose",most,"Available to most people, given ordinary circumstances",adult,35-54,others,Needs at least one other person,family,1,*,primary,,2000,2026,5,3,0,100,0,0,5,estimate,low,"Kin, which you did not select and cannot resign from, working the way it is supposed to.",details/FAM-021.csv,5
FAM-022,Inheriting something small and useless and wanting it,FAM,"Family and kin, the people you did not choose",most,"Available to most people, given ordinary circumstances",adult,35-54,documents,"Needs paperwork, an ID, a certificate or a permit",documents;registry;discretion;family,4,*,primary,,2000,2026,5,3,0,100,0,0,5,estimate,low,"Kin, which you did not select and cannot resign from, working the way it is supposed to.",details/FAM-022.csv,5
FAM-023,A family that argues and does not fracture,FAM,"Family and kin, the people you did not choose",most,"Available to most people, given ordinary circumstances",any,Any age,others,Needs at least one other person,family,1,*,primary,,2000,2026,5,3,0,100,0,0,5,estimate,low,"Kin, which you did not select and cannot resign from, working the way it is supposed to.",details/FAM-023.csv,5
FAM-024,The first time you paid for a parent's meal,FAM,"Family and kin, the people you did not choose",most,"Available to most people, given ordinary circumstances",young_adult,20-34,money_small,Needs a small amount of money,money;family,2,*,primary,,2000,2026,5,3,0,100,0,0,5,estimate,low,"Kin, which you did not select and cannot resign from, working the way it is supposed to.",details/FAM-024.csv,5
FAM-025,Being the one everyone calls,FAM,"Family and kin, the people you did not choose",most,"Available to most people, given ordinary circumstances",adult,35-54,others,Needs at least one other person,family,1,*,primary,,2000,2026,3,3,0,100,0,0,5,estimate,low,"Kin, which you did not select and cannot resign from, working the way it is supposed to.",details/FAM-025.csv,5
FRD-001,A friend who knew you before you were any good at anything,FRD,Friendship,most,"Available to most people, given ordinary circumstances",any,Any age,others,Needs at least one other person,family,1,*,primary,,2000,2026,5,4,0,200,0,0,5,estimate,low,"The relationship category the eighty-seven-year study identifies as decisive, and the one people most reliably fail to schedule.",details/FRD-001.csv,5
FRD-002,Someone who laughs at the thing nobody else finds funny,FRD,Friendship,most,"Available to most people, given ordinary circumstances",any,Any age,others,Needs at least one other person,family,1,*,primary,,2000,2026,5,4,0,200,0,0,5,estimate,low,"The relationship category the eighty-seven-year study identifies as decisive, and the one people most reliably fail to schedule.",details/FRD-002.csv,5
FRD-003,The friend you can not speak to for two years,FRD,Friendship,most,"Available to most people, given ordinary circumstances",adult,35-54,others,Needs at least one other person,family,1,*,primary,,2000,2026,5,4,0,200,0,0,5,estimate,low,"The relationship category the eighty-seven-year study identifies as decisive, and the one people most reliably fail to schedule.",details/FRD-003.csv,5
FRD-004,Being picked up from somewhere at an unreasonable hour,FRD,Friendship,most,"Available to most people, given ordinary circumstances",young_adult,20-34,others,Needs at least one other person,family,1,*,primary,,2000,2026,5,4,0,200,0,0,5,estimate,low,"The relationship category the eighty-seven-year study identifies as decisive, and the one people most reliably fail to schedule.",details/FRD-004.csv,5
FRD-005,A friendship that survived one of you doing well,FRD,Friendship,most,"Available to most people, given ordinary circumstances",adult,35-54,others,Needs at least one other person,family,1,*,primary,,2000,2026,5,4,0,200,0,0,5,estimate,low,"The relationship category the eighty-seven-year study identifies as decisive, and the one people most reliably fail to schedule.",details/FRD-005.csv,5
FRD-006,Someone who asks the follow-up question,FRD,Friendship,most,"Available to most people, given ordinary circumstances",any,Any age,others,Needs at least one other person,family,1,*,primary,,2000,2026,5,4,0,200,0,0,5,estimate,low,"The relationship category the eighty-seven-year study identifies as decisive, and the one people most reliably fail to schedule.",details/FRD-006.csv,5
FRD-007,The first friend in a new country,FRD,Friendship,most,"Available to most people, given ordinary circumstances",young_adult,20-34,others,Needs at least one other person,family,1,*,primary,,2000,2026,5,4,0,200,0,0,5,estimate,low,"The relationship category the eighty-seven-year study identifies as decisive, and the one people most reliably fail to schedule.",details/FRD-007.csv,5
FRD-008,A colleague who became a real friend,FRD,Friendship,most,"Available to most people, given ordinary circumstances",adult,35-54,others,Needs at least one other person,family,1,*,primary,,2000,2026,4,4,0,200,0,0,5,estimate,low,"The relationship category the eighty-seven-year study identifies as decisive, and the one people most reliably fail to schedule.",details/FRD-008.csv,5
FRD-009,Somebody who remembered the thing you were dreading,FRD,Friendship,most,"Available to most people, given ordinary circumstances",any,Any age,others,Needs at least one other person,family,1,*,primary,,2000,2026,5,4,0,200,0,0,5,estimate,low,"The relationship category the eighty-seven-year study identifies as decisive, and the one people most reliably fail to schedule.",details/FRD-009.csv,5
FRD-010,A walk with someone where you say the actual thing,FRD,Friendship,most,"Available to most people, given ordinary circumstances",any,Any age,others,Needs at least one other person,family,1,*,primary,,2000,2026,5,4,0,200,0,0,5,estimate,low,"The relationship category the eighty-seven-year study identifies as decisive, and the one people most reliably fail to schedule.",details/FRD-010.csv,5
FRD-011,Being told the truth by someone who had nothing to gain,FRD,Friendship,most,"Available to most people, given ordinary circumstances",any,Any age,others,Needs at least one other person,family,1,*,primary,,2000,2026,5,4,0,200,0,0,5,estimate,low,"The relationship category the eighty-seven-year study identifies as decisive, and the one people most reliably fail to schedule.",details/FRD-011.csv,5
FRD-012,The group that has a name for itself,FRD,Friendship,most,"Available to most people, given ordinary circumstances",adolescence,13-19,others,Needs at least one other person,family,1,*,primary,,2000,2026,5,4,0,200,0,0,5,estimate,low,"The relationship category the eighty-seven-year study identifies as decisive, and the one people most reliably fail to schedule.",details/FRD-012.csv,5
FRD-013,A friend who fed you for a period when you had nothing,FRD,Friendship,most,"Available to most people, given ordinary circumstances",young_adult,20-34,others,Needs at least one other person,family,1,*,primary,,2000,2026,5,4,0,200,0,0,5,estimate,low,"The relationship category the eighty-seven-year study identifies as decisive, and the one people most reliably fail to schedule.",details/FRD-013.csv,5
FRD-014,Sitting in silence with someone and it not being awkward,FRD,Friendship,most,"Available to most people, given ordinary circumstances",any,Any age,others,Needs at least one other person,family,1,*,primary,,2000,2026,5,4,0,200,0,0,5,estimate,low,"The relationship category the eighty-seven-year study identifies as decisive, and the one people most reliably fail to schedule.",details/FRD-014.csv,5
FRD-015,Somebody defending you when you were not there,FRD,Friendship,most,"Available to most people, given ordinary circumstances",any,Any age,others,Needs at least one other person,family,1,*,primary,,2000,2026,5,4,0,200,0,0,5,estimate,low,"The relationship category the eighty-seven-year study identifies as decisive, and the one people most reliably fail to schedule.",details/FRD-015.csv,5
FRD-016,An old friend who turns up unannounced,FRD,Friendship,most,"Available to most people, given ordinary circumstances",adult,35-54,others,Needs at least one other person,family,1,*,primary,,2000,2026,5,4,0,200,0,0,5,estimate,low,"The relationship category the eighty-seven-year study identifies as decisive, and the one people most reliably fail to schedule.",details/FRD-016.csv,5
FRD-017,Making a new friend after forty,FRD,Friendship,most,"Available to most people, given ordinary circumstances",midlife,45-64,others,Needs at least one other person,family,1,*,primary,,2000,2026,5,4,0,200,0,0,5,estimate,low,"The relationship category the eighty-seven-year study identifies as decisive, and the one people most reliably fail to schedule.",details/FRD-017.csv,5
FRD-018,A friend who is kind to your parents,FRD,Friendship,most,"Available to most people, given ordinary circumstances",adult,35-54,others,Needs at least one other person,family,1,*,primary,,2000,2026,5,4,0,200,0,0,5,estimate,low,"The relationship category the eighty-seven-year study identifies as decisive, and the one people most reliably fail to schedule.",details/FRD-018.csv,5
FRD-019,The one who says the unflattering thing gently,FRD,Friendship,most,"Available to most people, given ordinary circumstances",any,Any age,others,Needs at least one other person,family,1,*,primary,,2000,2026,4,4,0,200,0,0,5,estimate,low,"The relationship category the eighty-seven-year study identifies as decisive, and the one people most reliably fail to schedule.",details/FRD-019.csv,5
FRD-020,Being someone's emergency contact,FRD,Friendship,most,"Available to most people, given ordinary circumstances",adult,35-54,others,Needs at least one other person,family,1,*,primary,,2000,2026,5,4,0,200,0,0,5,estimate,low,"The relationship category the eighty-seven-year study identifies as decisive, and the one people most reliably fail to schedule.",details/FRD-020.csv,5
ART-001,Starting the guitar,ART,"Making things: music, writing, drawing, performance",most,"Available to most people, given ordinary circumstances",adolescence,13-19,power,"Needs electricity, connectivity or equipment",power;platform,2,*,primary,,2000,2026,4,4,0,900,0,0,5,estimate,low,"Six strings and about four chords to be useful. Being bad at it on purpose, in private. This family is where flow lives: clear goals, immediate feedback, and a difficulty that can be tuned to sit just above what you can currently do.",details/ART-001.csv,5
ART-002,Getting good at the guitar,ART,"Making things: music, writing, drawing, performance",most,"Available to most people, given ordinary circumstances",young_adult,20-34,power,"Needs electricity, connectivity or equipment",power;platform,2,*,primary,,2000,2026,5,4,0,900,0,0,5,estimate,low,"Six strings and about four chords to be useful. The stretch where the difficulty finally matches the skill. This family is where flow lives: clear goals, immediate feedback, and a difficulty that can be tuned to sit just above what you can currently do.",details/ART-002.csv,5
ART-003,Performing the guitar,ART,"Making things: music, writing, drawing, performance",most,"Available to most people, given ordinary circumstances",adult,35-54,power,"Needs electricity, connectivity or equipment",power;platform,2,*,primary,,2000,2026,5,4,0,900,0,0,5,estimate,low,"Six strings and about four chords to be useful. Doing it in front of people who might not like it. This family is where flow lives: clear goals, immediate feedback, and a difficulty that can be tuned to sit just above what you can currently do.",details/ART-003.csv,5
ART-004,Teaching someone the guitar,ART,"Making things: music, writing, drawing, performance",most,"Available to most people, given ordinary circumstances",adult,35-54,power,"Needs electricity, connectivity or equipment",power;platform,2,*,primary,,2000,2026,5,4,0,900,0,0,5,estimate,low,"Six strings and about four chords to be useful. Discovering how much you actually know. This family is where flow lives: clear goals, immediate feedback, and a difficulty that can be tuned to sit just above what you can currently do.",details/ART-004.csv,5
ART-005,Starting the piano,ART,"Making things: music, writing, drawing, performance",most,"Available to most people, given ordinary circumstances",adolescence,13-19,money_large,Needs substantial money,money;banking,2,*,primary,,2000,2026,4,4,0,900,0,0,5,estimate,low,"The instrument that takes up a room. Being bad at it on purpose, in private. This family is where flow lives: clear goals, immediate feedback, and a difficulty that can be tuned to sit just above what you can currently do.",details/ART-005.csv,5
ART-006,Getting good at the piano,ART,"Making things: music, writing, drawing, performance",most,"Available to most people, given ordinary circumstances",young_adult,20-34,money_large,Needs substantial money,money;banking,2,*,primary,,2000,2026,5,4,0,900,0,0,5,estimate,low,"The instrument that takes up a room. The stretch where the difficulty finally matches the skill. This family is where flow lives: clear goals, immediate feedback, and a difficulty that can be tuned to sit just above what you can currently do.",details/ART-006.csv,5
ART-007,Performing the piano,ART,"Making things: music, writing, drawing, performance",most,"Available to most people, given ordinary circumstances",adult,35-54,money_large,Needs substantial money,money;banking,2,*,primary,,2000,2026,5,4,0,900,0,0,5,estimate,low,"The instrument that takes up a room. Doing it in front of people who might not like it. This family is where flow lives: clear goals, immediate feedback, and a difficulty that can be tuned to sit just above what you can currently do.",details/ART-007.csv,5
ART-008,Teaching someone the piano,ART,"Making things: music, writing, drawing, performance",most,"Available to most people, given ordinary circumstances",adult,35-54,money_large,Needs substantial money,money;banking,2,*,primary,,2000,2026,5,4,0,900,0,0,5,estimate,low,"The instrument that takes up a room. Discovering how much you actually know. This family is where flow lives: clear goals, immediate feedback, and a difficulty that can be tuned to sit just above what you can currently do.",details/ART-008.csv,5
ART-009,Starting the oud,ART,"Making things: music, writing, drawing, performance",most,"Available to most people, given ordinary circumstances",adolescence,13-19,money_small,Needs a small amount of money,money,1,*,primary,,2000,2026,4,4,0,900,0,0,5,estimate,low,"Fretless, and unforgiving about it. Being bad at it on purpose, in private. This family is where flow lives: clear goals, immediate feedback, and a difficulty that can be tuned to sit just above what you can currently do.",details/ART-009.csv,5
ART-010,Getting good at the oud,ART,"Making things: music, writing, drawing, performance",most,"Available to most people, given ordinary circumstances",young_adult,20-34,money_small,Needs a small amount of money,money,1,*,primary,,2000,2026,5,4,0,900,0,0,5,estimate,low,"Fretless, and unforgiving about it. The stretch where the difficulty finally matches the skill. This family is where flow lives: clear goals, immediate feedback, and a difficulty that can be tuned to sit just above what you can currently do.",details/ART-010.csv,5
ART-011,Performing the oud,ART,"Making things: music, writing, drawing, performance",most,"Available to most people, given ordinary circumstances",adult,35-54,money_small,Needs a small amount of money,money,1,*,primary,,2000,2026,5,4,0,900,0,0,5,estimate,low,"Fretless, and unforgiving about it. Doing it in front of people who might not like it. This family is where flow lives: clear goals, immediate feedback, and a difficulty that can be tuned to sit just above what you can currently do.",details/ART-011.csv,5
ART-012,Teaching someone the oud,ART,"Making things: music, writing, drawing, performance",most,"Available to most people, given ordinary circumstances",adult,35-54,money_small,Needs a small amount of money,money,1,*,primary,,2000,2026,5,4,0,900,0,0,5,estimate,low,"Fretless, and unforgiving about it. Discovering how much you actually know. This family is where flow lives: clear goals, immediate feedback, and a difficulty that can be tuned to sit just above what you can currently do.",details/ART-012.csv,5
ART-013,Starting the darbuka,ART,"Making things: music, writing, drawing, performance",most,"Available to most people, given ordinary circumstances",adolescence,13-19,money_small,Needs a small amount of money,money,1,*,primary,,2000,2026,4,4,0,900,0,0,5,estimate,low,"Everyone can start; almost nobody finishes. Being bad at it on purpose, in private. This family is where flow lives: clear goals, immediate feedback, and a difficulty that can be tuned to sit just above what you can currently do.",details/ART-013.csv,5
ART-014,Getting good at the darbuka,ART,"Making things: music, writing, drawing, performance",most,"Available to most people, given ordinary circumstances",young_adult,20-34,money_small,Needs a small amount of money,money,1,*,primary,,2000,2026,5,4,0,900,0,0,5,estimate,low,"Everyone can start; almost nobody finishes. The stretch where the difficulty finally matches the skill. This family is where flow lives: clear goals, immediate feedback, and a difficulty that can be tuned to sit just above what you can currently do.",details/ART-014.csv,5
ART-015,Performing the darbuka,ART,"Making things: music, writing, drawing, performance",most,"Available to most people, given ordinary circumstances",adult,35-54,money_small,Needs a small amount of money,money,1,*,primary,,2000,2026,5,4,0,900,0,0,5,estimate,low,"Everyone can start; almost nobody finishes. Doing it in front of people who might not like it. This family is where flow lives: clear goals, immediate feedback, and a difficulty that can be tuned to sit just above what you can currently do.",details/ART-015.csv,5
ART-016,Teaching someone the darbuka,ART,"Making things: music, writing, drawing, performance",most,"Available to most people, given ordinary circumstances",adult,35-54,money_small,Needs a small amount of money,money,1,*,primary,,2000,2026,5,4,0,900,0,0,5,estimate,low,"Everyone can start; almost nobody finishes. Discovering how much you actually know. This family is where flow lives: clear goals, immediate feedback, and a difficulty that can be tuned to sit just above what you can currently do.",details/ART-016.csv,5
ART-017,Starting the talking drum,ART,"Making things: music, writing, drawing, performance",most,"Available to most people, given ordinary circumstances",adolescence,13-19,money_small,Needs a small amount of money,money,1,*,primary,,2000,2026,4,4,0,900,0,0,5,estimate,low,"Pitch bent under the arm, and it does talk. Being bad at it on purpose, in private. This family is where flow lives: clear goals, immediate feedback, and a difficulty that can be tuned to sit just above what you can currently do.",details/ART-017.csv,5
ART-018,Getting good at the talking drum,ART,"Making things: music, writing, drawing, performance",most,"Available to most people, given ordinary circumstances",young_adult,20-34,money_small,Needs a small amount of money,money,1,*,primary,,2000,2026,5,4,0,900,0,0,5,estimate,low,"Pitch bent under the arm, and it does talk. The stretch where the difficulty finally matches the skill. This family is where flow lives: clear goals, immediate feedback, and a difficulty that can be tuned to sit just above what you can currently do.",details/ART-018.csv,5
ART-019,Performing the talking drum,ART,"Making things: music, writing, drawing, performance",most,"Available to most people, given ordinary circumstances",adult,35-54,money_small,Needs a small amount of money,money,1,*,primary,,2000,2026,5,4,0,900,0,0,5,estimate,low,"Pitch bent under the arm, and it does talk. Doing it in front of people who might not like it. This family is where flow lives: clear goals, immediate feedback, and a difficulty that can be tuned to sit just above what you can currently do.",details/ART-019.csv,5
ART-020,Teaching someone the talking drum,ART,"Making things: music, writing, drawing, performance",most,"Available to most people, given ordinary circumstances",adult,35-54,money_small,Needs a small amount of money,money,1,*,primary,,2000,2026,5,4,0,900,0,0,5,estimate,low,"Pitch bent under the arm, and it does talk. Discovering how much you actually know. This family is where flow lives: clear goals, immediate feedback, and a difficulty that can be tuned to sit just above what you can currently do.",details/ART-020.csv,5
ART-021,Starting the setar,ART,"Making things: music, writing, drawing, performance",most,"Available to most people, given ordinary circumstances",adolescence,13-19,money_small,Needs a small amount of money,money,1,*,primary,,2000,2026,4,4,0,900,0,0,5,estimate,low,"Quiet enough to be played at night. Being bad at it on purpose, in private. This family is where flow lives: clear goals, immediate feedback, and a difficulty that can be tuned to sit just above what you can currently do.",details/ART-021.csv,5
ART-022,Getting good at the setar,ART,"Making things: music, writing, drawing, performance",most,"Available to most people, given ordinary circumstances",young_adult,20-34,money_small,Needs a small amount of money,money,1,*,primary,,2000,2026,5,4,0,900,0,0,5,estimate,low,"Quiet enough to be played at night. The stretch where the difficulty finally matches the skill. This family is where flow lives: clear goals, immediate feedback, and a difficulty that can be tuned to sit just above what you can currently do.",details/ART-022.csv,5
ART-023,Performing the setar,ART,"Making things: music, writing, drawing, performance",most,"Available to most people, given ordinary circumstances",adult,35-54,money_small,Needs a small amount of money,money,1,*,primary,,2000,2026,5,4,0,900,0,0,5,estimate,low,"Quiet enough to be played at night. Doing it in front of people who might not like it. This family is where flow lives: clear goals, immediate feedback, and a difficulty that can be tuned to sit just above what you can currently do.",details/ART-023.csv,5
ART-024,Teaching someone the setar,ART,"Making things: music, writing, drawing, performance",most,"Available to most people, given ordinary circumstances",adult,35-54,money_small,Needs a small amount of money,money,1,*,primary,,2000,2026,5,4,0,900,0,0,5,estimate,low,"Quiet enough to be played at night. Discovering how much you actually know. This family is where flow lives: clear goals, immediate feedback, and a difficulty that can be tuned to sit just above what you can currently do.",details/ART-024.csv,5
ART-025,Starting singing,ART,"Making things: music, writing, drawing, performance",most,"Available to most people, given ordinary circumstances",adolescence,13-19,none,Needs nothing but being alive and present,,0,*,primary,,2000,2026,4,4,0,0,0,0,5,estimate,low,"Free, portable, and mostly done badly and happily. Being bad at it on purpose, in private. This family is where flow lives: clear goals, immediate feedback, and a difficulty that can be tuned to sit just above what you can currently do.",details/ART-025.csv,5
ART-026,Getting good at singing,ART,"Making things: music, writing, drawing, performance",most,"Available to most people, given ordinary circumstances",young_adult,20-34,none,Needs nothing but being alive and present,,0,*,primary,,2000,2026,5,4,0,0,0,0,5,estimate,low,"Free, portable, and mostly done badly and happily. The stretch where the difficulty finally matches the skill. This family is where flow lives: clear goals, immediate feedback, and a difficulty that can be tuned to sit just above what you can currently do.",details/ART-026.csv,5
ART-027,Performing singing,ART,"Making things: music, writing, drawing, performance",most,"Available to most people, given ordinary circumstances",adult,35-54,none,Needs nothing but being alive and present,,0,*,primary,,2000,2026,5,4,0,0,0,0,5,estimate,low,"Free, portable, and mostly done badly and happily. Doing it in front of people who might not like it. This family is where flow lives: clear goals, immediate feedback, and a difficulty that can be tuned to sit just above what you can currently do.",details/ART-027.csv,5
ART-028,Teaching someone singing,ART,"Making things: music, writing, drawing, performance",most,"Available to most people, given ordinary circumstances",adult,35-54,none,Needs nothing but being alive and present,,0,*,primary,,2000,2026,5,4,0,0,0,0,5,estimate,low,"Free, portable, and mostly done badly and happily. Discovering how much you actually know. This family is where flow lives: clear goals, immediate feedback, and a difficulty that can be tuned to sit just above what you can currently do.",details/ART-028.csv,5
ART-029,Starting drawing,ART,"Making things: music, writing, drawing, performance",most,"Available to most people, given ordinary circumstances",adolescence,13-19,money_small,Needs a small amount of money,money,1,*,primary,,2000,2026,4,4,0,900,0,0,5,estimate,low,"A pencil and the willingness to be bad for a year. Being bad at it on purpose, in private. This family is where flow lives: clear goals, immediate feedback, and a difficulty that can be tuned to sit just above what you can currently do.",details/ART-029.csv,5
ART-030,Getting good at drawing,ART,"Making things: music, writing, drawing, performance",most,"Available to most people, given ordinary circumstances",young_adult,20-34,money_small,Needs a small amount of money,money,1,*,primary,,2000,2026,5,4,0,900,0,0,5,estimate,low,"A pencil and the willingness to be bad for a year. The stretch where the difficulty finally matches the skill. This family is where flow lives: clear goals, immediate feedback, and a difficulty that can be tuned to sit just above what you can currently do.",details/ART-030.csv,5
ART-031,Performing drawing,ART,"Making things: music, writing, drawing, performance",most,"Available to most people, given ordinary circumstances",adult,35-54,money_small,Needs a small amount of money,money,1,*,primary,,2000,2026,5,4,0,900,0,0,5,estimate,low,"A pencil and the willingness to be bad for a year. Doing it in front of people who might not like it. This family is where flow lives: clear goals, immediate feedback, and a difficulty that can be tuned to sit just above what you can currently do.",details/ART-031.csv,5
ART-032,Teaching someone drawing,ART,"Making things: music, writing, drawing, performance",most,"Available to most people, given ordinary circumstances",adult,35-54,money_small,Needs a small amount of money,money,1,*,primary,,2000,2026,5,4,0,900,0,0,5,estimate,low,"A pencil and the willingness to be bad for a year. Discovering how much you actually know. This family is where flow lives: clear goals, immediate feedback, and a difficulty that can be tuned to sit just above what you can currently do.",details/ART-032.csv,5
ART-033,Starting painting,ART,"Making things: music, writing, drawing, performance",most,"Available to most people, given ordinary circumstances",adolescence,13-19,money_small,Needs a small amount of money,money,1,*,primary,,2000,2026,4,4,0,900,0,0,5,estimate,low,"Expensive to start and impossible to stop. Being bad at it on purpose, in private. This family is where flow lives: clear goals, immediate feedback, and a difficulty that can be tuned to sit just above what you can currently do.",details/ART-033.csv,5
ART-034,Getting good at painting,ART,"Making things: music, writing, drawing, performance",most,"Available to most people, given ordinary circumstances",young_adult,20-34,money_small,Needs a small amount of money,money,1,*,primary,,2000,2026,5,4,0,900,0,0,5,estimate,low,"Expensive to start and impossible to stop. The stretch where the difficulty finally matches the skill. This family is where flow lives: clear goals, immediate feedback, and a difficulty that can be tuned to sit just above what you can currently do.",details/ART-034.csv,5
ART-035,Performing painting,ART,"Making things: music, writing, drawing, performance",most,"Available to most people, given ordinary circumstances",adult,35-54,money_small,Needs a small amount of money,money,1,*,primary,,2000,2026,5,4,0,900,0,0,5,estimate,low,"Expensive to start and impossible to stop. Doing it in front of people who might not like it. This family is where flow lives: clear goals, immediate feedback, and a difficulty that can be tuned to sit just above what you can currently do.",details/ART-035.csv,5
ART-036,Teaching someone painting,ART,"Making things: music, writing, drawing, performance",most,"Available to most people, given ordinary circumstances",adult,35-54,money_small,Needs a small amount of money,money,1,*,primary,,2000,2026,5,4,0,900,0,0,5,estimate,low,"Expensive to start and impossible to stop. Discovering how much you actually know. This family is where flow lives: clear goals, immediate feedback, and a difficulty that can be tuned to sit just above what you can currently do.",details/ART-036.csv,5
ART-037,Starting photography,ART,"Making things: music, writing, drawing, performance",most,"Available to most people, given ordinary circumstances",adolescence,13-19,power,"Needs electricity, connectivity or equipment",power;platform,2,*,primary,,2000,2026,4,4,0,900,0,0,5,estimate,low,"The camera matters far less than people think. Being bad at it on purpose, in private. This family is where flow lives: clear goals, immediate feedback, and a difficulty that can be tuned to sit just above what you can currently do.",details/ART-037.csv,5
ART-038,Getting good at photography,ART,"Making things: music, writing, drawing, performance",most,"Available to most people, given ordinary circumstances",young_adult,20-34,power,"Needs electricity, connectivity or equipment",power;platform,2,*,primary,,2000,2026,5,4,0,900,0,0,5,estimate,low,"The camera matters far less than people think. The stretch where the difficulty finally matches the skill. This family is where flow lives: clear goals, immediate feedback, and a difficulty that can be tuned to sit just above what you can currently do.",details/ART-038.csv,5
ART-039,Performing photography,ART,"Making things: music, writing, drawing, performance",most,"Available to most people, given ordinary circumstances",adult,35-54,power,"Needs electricity, connectivity or equipment",power;platform,2,*,primary,,2000,2026,5,4,0,900,0,0,5,estimate,low,"The camera matters far less than people think. Doing it in front of people who might not like it. This family is where flow lives: clear goals, immediate feedback, and a difficulty that can be tuned to sit just above what you can currently do.",details/ART-039.csv,5
ART-040,Teaching someone photography,ART,"Making things: music, writing, drawing, performance",most,"Available to most people, given ordinary circumstances",adult,35-54,power,"Needs electricity, connectivity or equipment",power;platform,2,*,primary,,2000,2026,5,4,0,900,0,0,5,estimate,low,"The camera matters far less than people think. Discovering how much you actually know. This family is where flow lives: clear goals, immediate feedback, and a difficulty that can be tuned to sit just above what you can currently do.",details/ART-040.csv,5
ART-041,Starting writing,ART,"Making things: music, writing, drawing, performance",most,"Available to most people, given ordinary circumstances",adolescence,13-19,none,Needs nothing but being alive and present,,0,*,primary,,2000,2026,4,4,0,0,0,0,5,estimate,low,"A pen, or nothing at all if you are walking. Being bad at it on purpose, in private. This family is where flow lives: clear goals, immediate feedback, and a difficulty that can be tuned to sit just above what you can currently do.",details/ART-041.csv,5
ART-042,Getting good at writing,ART,"Making things: music, writing, drawing, performance",most,"Available to most people, given ordinary circumstances",young_adult,20-34,none,Needs nothing but being alive and present,,0,*,primary,,2000,2026,5,4,0,0,0,0,5,estimate,low,"A pen, or nothing at all if you are walking. The stretch where the difficulty finally matches the skill. This family is where flow lives: clear goals, immediate feedback, and a difficulty that can be tuned to sit just above what you can currently do.",details/ART-042.csv,5
ART-043,Performing writing,ART,"Making things: music, writing, drawing, performance",most,"Available to most people, given ordinary circumstances",adult,35-54,none,Needs nothing but being alive and present,,0,*,primary,,2000,2026,5,4,0,0,0,0,5,estimate,low,"A pen, or nothing at all if you are walking. Doing it in front of people who might not like it. This family is where flow lives: clear goals, immediate feedback, and a difficulty that can be tuned to sit just above what you can currently do.",details/ART-043.csv,5
ART-044,Teaching someone writing,ART,"Making things: music, writing, drawing, performance",most,"Available to most people, given ordinary circumstances",adult,35-54,none,Needs nothing but being alive and present,,0,*,primary,,2000,2026,5,4,0,0,0,0,5,estimate,low,"A pen, or nothing at all if you are walking. Discovering how much you actually know. This family is where flow lives: clear goals, immediate feedback, and a difficulty that can be tuned to sit just above what you can currently do.",details/ART-044.csv,5
ART-045,Starting poetry,ART,"Making things: music, writing, drawing, performance",most,"Available to most people, given ordinary circumstances",adolescence,13-19,none,Needs nothing but being alive and present,,0,*,primary,,2000,2026,4,4,0,0,0,0,5,estimate,low,"The form with the lowest equipment cost in existence. Being bad at it on purpose, in private. This family is where flow lives: clear goals, immediate feedback, and a difficulty that can be tuned to sit just above what you can currently do.",details/ART-045.csv,5
ART-046,Getting good at poetry,ART,"Making things: music, writing, drawing, performance",most,"Available to most people, given ordinary circumstances",young_adult,20-34,none,Needs nothing but being alive and present,,0,*,primary,,2000,2026,5,4,0,0,0,0,5,estimate,low,"The form with the lowest equipment cost in existence. The stretch where the difficulty finally matches the skill. This family is where flow lives: clear goals, immediate feedback, and a difficulty that can be tuned to sit just above what you can currently do.",details/ART-046.csv,5
ART-047,Performing poetry,ART,"Making things: music, writing, drawing, performance",most,"Available to most people, given ordinary circumstances",adult,35-54,none,Needs nothing but being alive and present,,0,*,primary,,2000,2026,5,4,0,0,0,0,5,estimate,low,"The form with the lowest equipment cost in existence. Doing it in front of people who might not like it. This family is where flow lives: clear goals, immediate feedback, and a difficulty that can be tuned to sit just above what you can currently do.",details/ART-047.csv,5
ART-048,Teaching someone poetry,ART,"Making things: music, writing, drawing, performance",most,"Available to most people, given ordinary circumstances",adult,35-54,none,Needs nothing but being alive and present,,0,*,primary,,2000,2026,5,4,0,0,0,0,5,estimate,low,"The form with the lowest equipment cost in existence. Discovering how much you actually know. This family is where flow lives: clear goals, immediate feedback, and a difficulty that can be tuned to sit just above what you can currently do.",details/ART-048.csv,5
ART-049,Starting calligraphy,ART,"Making things: music, writing, drawing, performance",most,"Available to most people, given ordinary circumstances",adolescence,13-19,money_small,Needs a small amount of money,money,1,*,primary,,2000,2026,4,4,0,900,0,0,5,estimate,low,"Where the doing is the entire point. Being bad at it on purpose, in private. This family is where flow lives: clear goals, immediate feedback, and a difficulty that can be tuned to sit just above what you can currently do.",details/ART-049.csv,5
ART-050,Getting good at calligraphy,ART,"Making things: music, writing, drawing, performance",most,"Available to most people, given ordinary circumstances",young_adult,20-34,money_small,Needs a small amount of money,money,1,*,primary,,2000,2026,5,4,0,900,0,0,5,estimate,low,"Where the doing is the entire point. The stretch where the difficulty finally matches the skill. This family is where flow lives: clear goals, immediate feedback, and a difficulty that can be tuned to sit just above what you can currently do.",details/ART-050.csv,5
ART-051,Performing calligraphy,ART,"Making things: music, writing, drawing, performance",most,"Available to most people, given ordinary circumstances",adult,35-54,money_small,Needs a small amount of money,money,1,*,primary,,2000,2026,5,4,0,900,0,0,5,estimate,low,"Where the doing is the entire point. Doing it in front of people who might not like it. This family is where flow lives: clear goals, immediate feedback, and a difficulty that can be tuned to sit just above what you can currently do.",details/ART-051.csv,5
ART-052,Teaching someone calligraphy,ART,"Making things: music, writing, drawing, performance",most,"Available to most people, given ordinary circumstances",adult,35-54,money_small,Needs a small amount of money,money,1,*,primary,,2000,2026,5,4,0,900,0,0,5,estimate,low,"Where the doing is the entire point. Discovering how much you actually know. This family is where flow lives: clear goals, immediate feedback, and a difficulty that can be tuned to sit just above what you can currently do.",details/ART-052.csv,5
ART-053,Starting embroidery,ART,"Making things: music, writing, drawing, performance",most,"Available to most people, given ordinary circumstances",adolescence,13-19,money_small,Needs a small amount of money,money,1,*,primary,,2000,2026,4,4,0,900,0,0,5,estimate,low,"Tatreez, cross-stitch, whatever the local name is. Being bad at it on purpose, in private. This family is where flow lives: clear goals, immediate feedback, and a difficulty that can be tuned to sit just above what you can currently do.",details/ART-053.csv,5
ART-054,Getting good at embroidery,ART,"Making things: music, writing, drawing, performance",most,"Available to most people, given ordinary circumstances",young_adult,20-34,money_small,Needs a small amount of money,money,1,*,primary,,2000,2026,5,4,0,900,0,0,5,estimate,low,"Tatreez, cross-stitch, whatever the local name is. The stretch where the difficulty finally matches the skill. This family is where flow lives: clear goals, immediate feedback, and a difficulty that can be tuned to sit just above what you can currently do.",details/ART-054.csv,5
ART-055,Performing embroidery,ART,"Making things: music, writing, drawing, performance",most,"Available to most people, given ordinary circumstances",adult,35-54,money_small,Needs a small amount of money,money,1,*,primary,,2000,2026,5,4,0,900,0,0,5,estimate,low,"Tatreez, cross-stitch, whatever the local name is. Doing it in front of people who might not like it. This family is where flow lives: clear goals, immediate feedback, and a difficulty that can be tuned to sit just above what you can currently do.",details/ART-055.csv,5
ART-056,Teaching someone embroidery,ART,"Making things: music, writing, drawing, performance",most,"Available to most people, given ordinary circumstances",adult,35-54,money_small,Needs a small amount of money,money,1,*,primary,,2000,2026,5,4,0,900,0,0,5,estimate,low,"Tatreez, cross-stitch, whatever the local name is. Discovering how much you actually know. This family is where flow lives: clear goals, immediate feedback, and a difficulty that can be tuned to sit just above what you can currently do.",details/ART-056.csv,5
ART-057,Starting sewing,ART,"Making things: music, writing, drawing, performance",most,"Available to most people, given ordinary circumstances",adolescence,13-19,money_small,Needs a small amount of money,money,1,*,primary,,2000,2026,4,4,0,900,0,0,5,estimate,low,"The first thing you make will be wearable and wrong. Being bad at it on purpose, in private. This family is where flow lives: clear goals, immediate feedback, and a difficulty that can be tuned to sit just above what you can currently do.",details/ART-057.csv,5
ART-058,Getting good at sewing,ART,"Making things: music, writing, drawing, performance",most,"Available to most people, given ordinary circumstances",young_adult,20-34,money_small,Needs a small amount of money,money,1,*,primary,,2000,2026,5,4,0,900,0,0,5,estimate,low,"The first thing you make will be wearable and wrong. The stretch where the difficulty finally matches the skill. This family is where flow lives: clear goals, immediate feedback, and a difficulty that can be tuned to sit just above what you can currently do.",details/ART-058.csv,5
ART-059,Performing sewing,ART,"Making things: music, writing, drawing, performance",most,"Available to most people, given ordinary circumstances",adult,35-54,money_small,Needs a small amount of money,money,1,*,primary,,2000,2026,5,4,0,900,0,0,5,estimate,low,"The first thing you make will be wearable and wrong. Doing it in front of people who might not like it. This family is where flow lives: clear goals, immediate feedback, and a difficulty that can be tuned to sit just above what you can currently do.",details/ART-059.csv,5
ART-060,Teaching someone sewing,ART,"Making things: music, writing, drawing, performance",most,"Available to most people, given ordinary circumstances",adult,35-54,money_small,Needs a small amount of money,money,1,*,primary,,2000,2026,5,4,0,900,0,0,5,estimate,low,"The first thing you make will be wearable and wrong. Discovering how much you actually know. This family is where flow lives: clear goals, immediate feedback, and a difficulty that can be tuned to sit just above what you can currently do.",details/ART-060.csv,5
ART-061,Starting woodwork,ART,"Making things: music, writing, drawing, performance",most,"Available to most people, given ordinary circumstances",adolescence,13-19,money_large,Needs substantial money,money;banking,2,*,primary,,2000,2026,4,4,0,900,0,0,5,estimate,low,"Loud, dusty, and enormously satisfying. Being bad at it on purpose, in private. This family is where flow lives: clear goals, immediate feedback, and a difficulty that can be tuned to sit just above what you can currently do.",details/ART-061.csv,5
ART-062,Getting good at woodwork,ART,"Making things: music, writing, drawing, performance",most,"Available to most people, given ordinary circumstances",young_adult,20-34,money_large,Needs substantial money,money;banking,2,*,primary,,2000,2026,5,4,0,900,0,0,5,estimate,low,"Loud, dusty, and enormously satisfying. The stretch where the difficulty finally matches the skill. This family is where flow lives: clear goals, immediate feedback, and a difficulty that can be tuned to sit just above what you can currently do.",details/ART-062.csv,5
ART-063,Performing woodwork,ART,"Making things: music, writing, drawing, performance",most,"Available to most people, given ordinary circumstances",adult,35-54,money_large,Needs substantial money,money;banking,2,*,primary,,2000,2026,5,4,0,900,0,0,5,estimate,low,"Loud, dusty, and enormously satisfying. Doing it in front of people who might not like it. This family is where flow lives: clear goals, immediate feedback, and a difficulty that can be tuned to sit just above what you can currently do.",details/ART-063.csv,5
ART-064,Teaching someone woodwork,ART,"Making things: music, writing, drawing, performance",most,"Available to most people, given ordinary circumstances",adult,35-54,money_large,Needs substantial money,money;banking,2,*,primary,,2000,2026,5,4,0,900,0,0,5,estimate,low,"Loud, dusty, and enormously satisfying. Discovering how much you actually know. This family is where flow lives: clear goals, immediate feedback, and a difficulty that can be tuned to sit just above what you can currently do.",details/ART-064.csv,5
ART-065,Starting pottery,ART,"Making things: music, writing, drawing, performance",most,"Available to most people, given ordinary circumstances",adolescence,13-19,money_large,Needs substantial money,money;banking,2,*,primary,,2000,2026,4,4,0,900,0,0,5,estimate,low,"Needs a wheel or hands and a kiln somewhere. Being bad at it on purpose, in private. This family is where flow lives: clear goals, immediate feedback, and a difficulty that can be tuned to sit just above what you can currently do.",details/ART-065.csv,5
ART-066,Getting good at pottery,ART,"Making things: music, writing, drawing, performance",most,"Available to most people, given ordinary circumstances",young_adult,20-34,money_large,Needs substantial money,money;banking,2,*,primary,,2000,2026,5,4,0,900,0,0,5,estimate,low,"Needs a wheel or hands and a kiln somewhere. The stretch where the difficulty finally matches the skill. This family is where flow lives: clear goals, immediate feedback, and a difficulty that can be tuned to sit just above what you can currently do.",details/ART-066.csv,5
ART-067,Performing pottery,ART,"Making things: music, writing, drawing, performance",most,"Available to most people, given ordinary circumstances",adult,35-54,money_large,Needs substantial money,money;banking,2,*,primary,,2000,2026,5,4,0,900,0,0,5,estimate,low,"Needs a wheel or hands and a kiln somewhere. Doing it in front of people who might not like it. This family is where flow lives: clear goals, immediate feedback, and a difficulty that can be tuned to sit just above what you can currently do.",details/ART-067.csv,5
ART-068,Teaching someone pottery,ART,"Making things: music, writing, drawing, performance",most,"Available to most people, given ordinary circumstances",adult,35-54,money_large,Needs substantial money,money;banking,2,*,primary,,2000,2026,5,4,0,900,0,0,5,estimate,low,"Needs a wheel or hands and a kiln somewhere. Discovering how much you actually know. This family is where flow lives: clear goals, immediate feedback, and a difficulty that can be tuned to sit just above what you can currently do.",details/ART-068.csv,5
ART-069,Starting baking,ART,"Making things: music, writing, drawing, performance",most,"Available to most people, given ordinary circumstances",adolescence,13-19,money_small,Needs a small amount of money,money,1,*,primary,,2000,2026,4,4,0,900,0,0,5,estimate,low,"Chemistry you are allowed to eat. Being bad at it on purpose, in private. This family is where flow lives: clear goals, immediate feedback, and a difficulty that can be tuned to sit just above what you can currently do.",details/ART-069.csv,5
ART-070,Getting good at baking,ART,"Making things: music, writing, drawing, performance",most,"Available to most people, given ordinary circumstances",young_adult,20-34,money_small,Needs a small amount of money,money,1,*,primary,,2000,2026,5,4,0,900,0,0,5,estimate,low,"Chemistry you are allowed to eat. The stretch where the difficulty finally matches the skill. This family is where flow lives: clear goals, immediate feedback, and a difficulty that can be tuned to sit just above what you can currently do.",details/ART-070.csv,5
ART-071,Performing baking,ART,"Making things: music, writing, drawing, performance",most,"Available to most people, given ordinary circumstances",adult,35-54,money_small,Needs a small amount of money,money,1,*,primary,,2000,2026,5,4,0,900,0,0,5,estimate,low,"Chemistry you are allowed to eat. Doing it in front of people who might not like it. This family is where flow lives: clear goals, immediate feedback, and a difficulty that can be tuned to sit just above what you can currently do.",details/ART-071.csv,5
ART-072,Teaching someone baking,ART,"Making things: music, writing, drawing, performance",most,"Available to most people, given ordinary circumstances",adult,35-54,money_small,Needs a small amount of money,money,1,*,primary,,2000,2026,5,4,0,900,0,0,5,estimate,low,"Chemistry you are allowed to eat. Discovering how much you actually know. This family is where flow lives: clear goals, immediate feedback, and a difficulty that can be tuned to sit just above what you can currently do.",details/ART-072.csv,5
ART-073,Starting cooking for an audience,ART,"Making things: music, writing, drawing, performance",most,"Available to most people, given ordinary circumstances",adolescence,13-19,money_small,Needs a small amount of money,money,1,*,primary,,2000,2026,4,4,0,900,0,0,5,estimate,low,"Performance with a deadline. Being bad at it on purpose, in private. This family is where flow lives: clear goals, immediate feedback, and a difficulty that can be tuned to sit just above what you can currently do.",details/ART-073.csv,5
ART-074,Getting good at cooking for an audience,ART,"Making things: music, writing, drawing, performance",most,"Available to most people, given ordinary circumstances",young_adult,20-34,money_small,Needs a small amount of money,money,1,*,primary,,2000,2026,5,4,0,900,0,0,5,estimate,low,"Performance with a deadline. The stretch where the difficulty finally matches the skill. This family is where flow lives: clear goals, immediate feedback, and a difficulty that can be tuned to sit just above what you can currently do.",details/ART-074.csv,5
ART-075,Performing cooking for an audience,ART,"Making things: music, writing, drawing, performance",most,"Available to most people, given ordinary circumstances",adult,35-54,money_small,Needs a small amount of money,money,1,*,primary,,2000,2026,5,4,0,900,0,0,5,estimate,low,"Performance with a deadline. Doing it in front of people who might not like it. This family is where flow lives: clear goals, immediate feedback, and a difficulty that can be tuned to sit just above what you can currently do.",details/ART-075.csv,5
ART-076,Teaching someone cooking for an audience,ART,"Making things: music, writing, drawing, performance",most,"Available to most people, given ordinary circumstances",adult,35-54,money_small,Needs a small amount of money,money,1,*,primary,,2000,2026,5,4,0,900,0,0,5,estimate,low,"Performance with a deadline. Discovering how much you actually know. This family is where flow lives: clear goals, immediate feedback, and a difficulty that can be tuned to sit just above what you can currently do.",details/ART-076.csv,5
ART-077,Starting dancing,ART,"Making things: music, writing, drawing, performance",most,"Available to most people, given ordinary circumstances",adolescence,13-19,none,Needs nothing but being alive and present,,0,*,primary,,2000,2026,4,4,0,0,0,0,5,estimate,low,"The cheapest art form and the most avoided. Being bad at it on purpose, in private. This family is where flow lives: clear goals, immediate feedback, and a difficulty that can be tuned to sit just above what you can currently do.",details/ART-077.csv,5
ART-078,Getting good at dancing,ART,"Making things: music, writing, drawing, performance",most,"Available to most people, given ordinary circumstances",young_adult,20-34,none,Needs nothing but being alive and present,,0,*,primary,,2000,2026,5,4,0,0,0,0,5,estimate,low,"The cheapest art form and the most avoided. The stretch where the difficulty finally matches the skill. This family is where flow lives: clear goals, immediate feedback, and a difficulty that can be tuned to sit just above what you can currently do.",details/ART-078.csv,5
ART-079,Performing dancing,ART,"Making things: music, writing, drawing, performance",most,"Available to most people, given ordinary circumstances",adult,35-54,none,Needs nothing but being alive and present,,0,*,primary,,2000,2026,5,4,0,0,0,0,5,estimate,low,"The cheapest art form and the most avoided. Doing it in front of people who might not like it. This family is where flow lives: clear goals, immediate feedback, and a difficulty that can be tuned to sit just above what you can currently do.",details/ART-079.csv,5
ART-080,Teaching someone dancing,ART,"Making things: music, writing, drawing, performance",most,"Available to most people, given ordinary circumstances",adult,35-54,none,Needs nothing but being alive and present,,0,*,primary,,2000,2026,5,4,0,0,0,0,5,estimate,low,"The cheapest art form and the most avoided. Discovering how much you actually know. This family is where flow lives: clear goals, immediate feedback, and a difficulty that can be tuned to sit just above what you can currently do.",details/ART-080.csv,5
ART-081,Starting acting,ART,"Making things: music, writing, drawing, performance",most,"Available to most people, given ordinary circumstances",adolescence,13-19,others,Needs at least one other person,family,1,*,primary,,2000,2026,4,4,0,900,0,0,5,estimate,low,"Needs other people and a room. Being bad at it on purpose, in private. This family is where flow lives: clear goals, immediate feedback, and a difficulty that can be tuned to sit just above what you can currently do.",details/ART-081.csv,5
ART-082,Getting good at acting,ART,"Making things: music, writing, drawing, performance",most,"Available to most people, given ordinary circumstances",young_adult,20-34,others,Needs at least one other person,family,1,*,primary,,2000,2026,5,4,0,900,0,0,5,estimate,low,"Needs other people and a room. The stretch where the difficulty finally matches the skill. This family is where flow lives: clear goals, immediate feedback, and a difficulty that can be tuned to sit just above what you can currently do.",details/ART-082.csv,5
ART-083,Performing acting,ART,"Making things: music, writing, drawing, performance",most,"Available to most people, given ordinary circumstances",adult,35-54,others,Needs at least one other person,family,1,*,primary,,2000,2026,5,4,0,900,0,0,5,estimate,low,"Needs other people and a room. Doing it in front of people who might not like it. This family is where flow lives: clear goals, immediate feedback, and a difficulty that can be tuned to sit just above what you can currently do.",details/ART-083.csv,5
ART-084,Teaching someone acting,ART,"Making things: music, writing, drawing, performance",most,"Available to most people, given ordinary circumstances",adult,35-54,others,Needs at least one other person,family,1,*,primary,,2000,2026,5,4,0,900,0,0,5,estimate,low,"Needs other people and a room. Discovering how much you actually know. This family is where flow lives: clear goals, immediate feedback, and a difficulty that can be tuned to sit just above what you can currently do.",details/ART-084.csv,5
ART-085,Starting making a film on a phone,ART,"Making things: music, writing, drawing, performance",most,"Available to most people, given ordinary circumstances",adolescence,13-19,power,"Needs electricity, connectivity or equipment",power;platform,2,*,primary,,2000,2026,4,4,0,900,0,0,5,estimate,low,"The barrier is now entirely nerve. Being bad at it on purpose, in private. This family is where flow lives: clear goals, immediate feedback, and a difficulty that can be tuned to sit just above what you can currently do.",details/ART-085.csv,5
ART-086,Getting good at making a film on a phone,ART,"Making things: music, writing, drawing, performance",most,"Available to most people, given ordinary circumstances",young_adult,20-34,power,"Needs electricity, connectivity or equipment",power;platform,2,*,primary,,2000,2026,5,4,0,900,0,0,5,estimate,low,"The barrier is now entirely nerve. The stretch where the difficulty finally matches the skill. This family is where flow lives: clear goals, immediate feedback, and a difficulty that can be tuned to sit just above what you can currently do.",details/ART-086.csv,5
ART-087,Performing making a film on a phone,ART,"Making things: music, writing, drawing, performance",most,"Available to most people, given ordinary circumstances",adult,35-54,power,"Needs electricity, connectivity or equipment",power;platform,2,*,primary,,2000,2026,5,4,0,900,0,0,5,estimate,low,"The barrier is now entirely nerve. Doing it in front of people who might not like it. This family is where flow lives: clear goals, immediate feedback, and a difficulty that can be tuned to sit just above what you can currently do.",details/ART-087.csv,5
ART-088,Teaching someone making a film on a phone,ART,"Making things: music, writing, drawing, performance",most,"Available to most people, given ordinary circumstances",adult,35-54,power,"Needs electricity, connectivity or equipment",power;platform,2,*,primary,,2000,2026,5,4,0,900,0,0,5,estimate,low,"The barrier is now entirely nerve. Discovering how much you actually know. This family is where flow lives: clear goals, immediate feedback, and a difficulty that can be tuned to sit just above what you can currently do.",details/ART-088.csv,5
ART-089,Starting beatmaking,ART,"Making things: music, writing, drawing, performance",most,"Available to most people, given ordinary circumstances",adolescence,13-19,power,"Needs electricity, connectivity or equipment",power;platform,2,*,primary,,2000,2026,4,4,0,900,0,0,5,estimate,low,"A laptop and headphones and three years. Being bad at it on purpose, in private. This family is where flow lives: clear goals, immediate feedback, and a difficulty that can be tuned to sit just above what you can currently do.",details/ART-089.csv,5
ART-090,Getting good at beatmaking,ART,"Making things: music, writing, drawing, performance",most,"Available to most people, given ordinary circumstances",young_adult,20-34,power,"Needs electricity, connectivity or equipment",power;platform,2,*,primary,,2000,2026,5,4,0,900,0,0,5,estimate,low,"A laptop and headphones and three years. The stretch where the difficulty finally matches the skill. This family is where flow lives: clear goals, immediate feedback, and a difficulty that can be tuned to sit just above what you can currently do.",details/ART-090.csv,5
ART-091,Performing beatmaking,ART,"Making things: music, writing, drawing, performance",most,"Available to most people, given ordinary circumstances",adult,35-54,power,"Needs electricity, connectivity or equipment",power;platform,2,*,primary,,2000,2026,5,4,0,900,0,0,5,estimate,low,"A laptop and headphones and three years. Doing it in front of people who might not like it. This family is where flow lives: clear goals, immediate feedback, and a difficulty that can be tuned to sit just above what you can currently do.",details/ART-091.csv,5
ART-092,Teaching someone beatmaking,ART,"Making things: music, writing, drawing, performance",most,"Available to most people, given ordinary circumstances",adult,35-54,power,"Needs electricity, connectivity or equipment",power;platform,2,*,primary,,2000,2026,5,4,0,900,0,0,5,estimate,low,"A laptop and headphones and three years. Discovering how much you actually know. This family is where flow lives: clear goals, immediate feedback, and a difficulty that can be tuned to sit just above what you can currently do.",details/ART-092.csv,5
ART-093,Starting knitting,ART,"Making things: music, writing, drawing, performance",most,"Available to most people, given ordinary circumstances",adolescence,13-19,money_small,Needs a small amount of money,money,1,*,primary,,2000,2026,4,4,0,900,0,0,5,estimate,low,"Portable, rhythmic, and produces objects. Being bad at it on purpose, in private. This family is where flow lives: clear goals, immediate feedback, and a difficulty that can be tuned to sit just above what you can currently do.",details/ART-093.csv,5
ART-094,Getting good at knitting,ART,"Making things: music, writing, drawing, performance",most,"Available to most people, given ordinary circumstances",young_adult,20-34,money_small,Needs a small amount of money,money,1,*,primary,,2000,2026,5,4,0,900,0,0,5,estimate,low,"Portable, rhythmic, and produces objects. The stretch where the difficulty finally matches the skill. This family is where flow lives: clear goals, immediate feedback, and a difficulty that can be tuned to sit just above what you can currently do.",details/ART-094.csv,5
ART-095,Performing knitting,ART,"Making things: music, writing, drawing, performance",most,"Available to most people, given ordinary circumstances",adult,35-54,money_small,Needs a small amount of money,money,1,*,primary,,2000,2026,5,4,0,900,0,0,5,estimate,low,"Portable, rhythmic, and produces objects. Doing it in front of people who might not like it. This family is where flow lives: clear goals, immediate feedback, and a difficulty that can be tuned to sit just above what you can currently do.",details/ART-095.csv,5
ART-096,Teaching someone knitting,ART,"Making things: music, writing, drawing, performance",most,"Available to most people, given ordinary circumstances",adult,35-54,money_small,Needs a small amount of money,money,1,*,primary,,2000,2026,5,4,0,900,0,0,5,estimate,low,"Portable, rhythmic, and produces objects. Discovering how much you actually know. This family is where flow lives: clear goals, immediate feedback, and a difficulty that can be tuned to sit just above what you can currently do.",details/ART-096.csv,5
ART-097,Starting gardening as a made thing,ART,"Making things: music, writing, drawing, performance",most,"Available to most people, given ordinary circumstances",adolescence,13-19,place,"Needs a specific place - a coast, a grove, a hall",land;weather,2,*,primary,,2000,2026,4,4,0,900,0,0,5,estimate,low,"Design executed over seasons. Being bad at it on purpose, in private. This family is where flow lives: clear goals, immediate feedback, and a difficulty that can be tuned to sit just above what you can currently do.",details/ART-097.csv,5
ART-098,Getting good at gardening as a made thing,ART,"Making things: music, writing, drawing, performance",most,"Available to most people, given ordinary circumstances",young_adult,20-34,place,"Needs a specific place - a coast, a grove, a hall",land;weather,2,*,primary,,2000,2026,5,4,0,900,0,0,5,estimate,low,"Design executed over seasons. The stretch where the difficulty finally matches the skill. This family is where flow lives: clear goals, immediate feedback, and a difficulty that can be tuned to sit just above what you can currently do.",details/ART-098.csv,5
ART-099,Performing gardening as a made thing,ART,"Making things: music, writing, drawing, performance",most,"Available to most people, given ordinary circumstances",adult,35-54,place,"Needs a specific place - a coast, a grove, a hall",land;weather,2,*,primary,,2000,2026,5,4,0,900,0,0,5,estimate,low,"Design executed over seasons. Doing it in front of people who might not like it. This family is where flow lives: clear goals, immediate feedback, and a difficulty that can be tuned to sit just above what you can currently do.",details/ART-099.csv,5
ART-100,Teaching someone gardening as a made thing,ART,"Making things: music, writing, drawing, performance",most,"Available to most people, given ordinary circumstances",adult,35-54,place,"Needs a specific place - a coast, a grove, a hall",land;weather,2,*,primary,,2000,2026,5,4,0,900,0,0,5,estimate,low,"Design executed over seasons. Discovering how much you actually know. This family is where flow lives: clear goals, immediate feedback, and a difficulty that can be tuned to sit just above what you can currently do.",details/ART-100.csv,5
ART-101,Starting model-making,ART,"Making things: music, writing, drawing, performance",most,"Available to most people, given ordinary circumstances",adolescence,13-19,money_small,Needs a small amount of money,money,1,*,primary,,2000,2026,4,4,0,900,0,0,5,estimate,low,"Small, precise, and time disappears. Being bad at it on purpose, in private. This family is where flow lives: clear goals, immediate feedback, and a difficulty that can be tuned to sit just above what you can currently do.",details/ART-101.csv,5
ART-102,Getting good at model-making,ART,"Making things: music, writing, drawing, performance",most,"Available to most people, given ordinary circumstances",young_adult,20-34,money_small,Needs a small amount of money,money,1,*,primary,,2000,2026,5,4,0,900,0,0,5,estimate,low,"Small, precise, and time disappears. The stretch where the difficulty finally matches the skill. This family is where flow lives: clear goals, immediate feedback, and a difficulty that can be tuned to sit just above what you can currently do.",details/ART-102.csv,5
ART-103,Performing model-making,ART,"Making things: music, writing, drawing, performance",most,"Available to most people, given ordinary circumstances",adult,35-54,money_small,Needs a small amount of money,money,1,*,primary,,2000,2026,5,4,0,900,0,0,5,estimate,low,"Small, precise, and time disappears. Doing it in front of people who might not like it. This family is where flow lives: clear goals, immediate feedback, and a difficulty that can be tuned to sit just above what you can currently do.",details/ART-103.csv,5
ART-104,Teaching someone model-making,ART,"Making things: music, writing, drawing, performance",most,"Available to most people, given ordinary circumstances",adult,35-54,money_small,Needs a small amount of money,money,1,*,primary,,2000,2026,5,4,0,900,0,0,5,estimate,low,"Small, precise, and time disappears. Discovering how much you actually know. This family is where flow lives: clear goals, immediate feedback, and a difficulty that can be tuned to sit just above what you can currently do.",details/ART-104.csv,5
ART-105,Starting puzzles and crosswords,ART,"Making things: music, writing, drawing, performance",most,"Available to most people, given ordinary circumstances",adolescence,13-19,money_small,Needs a small amount of money,money,1,*,primary,,2000,2026,4,4,0,900,0,0,5,estimate,low,"Clear goals, immediate feedback, no stakes. Being bad at it on purpose, in private. This family is where flow lives: clear goals, immediate feedback, and a difficulty that can be tuned to sit just above what you can currently do.",details/ART-105.csv,5
ART-106,Getting good at puzzles and crosswords,ART,"Making things: music, writing, drawing, performance",most,"Available to most people, given ordinary circumstances",young_adult,20-34,money_small,Needs a small amount of money,money,1,*,primary,,2000,2026,5,4,0,900,0,0,5,estimate,low,"Clear goals, immediate feedback, no stakes. The stretch where the difficulty finally matches the skill. This family is where flow lives: clear goals, immediate feedback, and a difficulty that can be tuned to sit just above what you can currently do.",details/ART-106.csv,5
ART-107,Performing puzzles and crosswords,ART,"Making things: music, writing, drawing, performance",most,"Available to most people, given ordinary circumstances",adult,35-54,money_small,Needs a small amount of money,money,1,*,primary,,2000,2026,5,4,0,900,0,0,5,estimate,low,"Clear goals, immediate feedback, no stakes. Doing it in front of people who might not like it. This family is where flow lives: clear goals, immediate feedback, and a difficulty that can be tuned to sit just above what you can currently do.",details/ART-107.csv,5
ART-108,Teaching someone puzzles and crosswords,ART,"Making things: music, writing, drawing, performance",most,"Available to most people, given ordinary circumstances",adult,35-54,money_small,Needs a small amount of money,money,1,*,primary,,2000,2026,5,4,0,900,0,0,5,estimate,low,"Clear goals, immediate feedback, no stakes. Discovering how much you actually know. This family is where flow lives: clear goals, immediate feedback, and a difficulty that can be tuned to sit just above what you can currently do.",details/ART-108.csv,5
ART-109,Starting learning a song by ear,ART,"Making things: music, writing, drawing, performance",most,"Available to most people, given ordinary circumstances",adolescence,13-19,power,"Needs electricity, connectivity or equipment",power;platform,2,*,primary,,2000,2026,4,4,0,900,0,0,5,estimate,low,"Repetition until it resolves. Being bad at it on purpose, in private. This family is where flow lives: clear goals, immediate feedback, and a difficulty that can be tuned to sit just above what you can currently do.",details/ART-109.csv,5
ART-110,Getting good at learning a song by ear,ART,"Making things: music, writing, drawing, performance",most,"Available to most people, given ordinary circumstances",young_adult,20-34,power,"Needs electricity, connectivity or equipment",power;platform,2,*,primary,,2000,2026,5,4,0,900,0,0,5,estimate,low,"Repetition until it resolves. The stretch where the difficulty finally matches the skill. This family is where flow lives: clear goals, immediate feedback, and a difficulty that can be tuned to sit just above what you can currently do.",details/ART-110.csv,5
ART-111,Performing learning a song by ear,ART,"Making things: music, writing, drawing, performance",most,"Available to most people, given ordinary circumstances",adult,35-54,power,"Needs electricity, connectivity or equipment",power;platform,2,*,primary,,2000,2026,5,4,0,900,0,0,5,estimate,low,"Repetition until it resolves. Doing it in front of people who might not like it. This family is where flow lives: clear goals, immediate feedback, and a difficulty that can be tuned to sit just above what you can currently do.",details/ART-111.csv,5
ART-112,Teaching someone learning a song by ear,ART,"Making things: music, writing, drawing, performance",most,"Available to most people, given ordinary circumstances",adult,35-54,power,"Needs electricity, connectivity or equipment",power;platform,2,*,primary,,2000,2026,5,4,0,900,0,0,5,estimate,low,"Repetition until it resolves. Discovering how much you actually know. This family is where flow lives: clear goals, immediate feedback, and a difficulty that can be tuned to sit just above what you can currently do.",details/ART-112.csv,5
SPT-001,"Football, alone",SPT,"The body in motion: sport, dance, swimming, walking",most,"Available to most people, given ordinary circumstances",any,Any age,others,Needs at least one other person,family,1,*,primary,,2000,2026,4,4,0,400,0,0,5,estimate,low,"Two jumpers and a ball and it is a match. Nobody watching, nothing at stake.",details/SPT-001.csv,5
SPT-002,"Football, with people you like",SPT,"The body in motion: sport, dance, swimming, walking",most,"Available to most people, given ordinary circumstances",any,Any age,others,Needs at least one other person,family,1,*,primary,,2000,2026,5,4,0,400,0,0,5,estimate,low,Two jumpers and a ball and it is a match. The point is the company; the sport is the excuse.,details/SPT-002.csv,5
SPT-003,"Football, competitively",SPT,"The body in motion: sport, dance, swimming, walking",most,"Available to most people, given ordinary circumstances",any,Any age,others,Needs at least one other person,family,1,*,primary,,2000,2026,4,4,0,400,0,0,5,estimate,low,"Two jumpers and a ball and it is a match. Stakes, a result, and something to be annoyed about.",details/SPT-003.csv,5
SPT-004,"Running, alone",SPT,"The body in motion: sport, dance, swimming, walking",most,"Available to most people, given ordinary circumstances",any,Any age,none,Needs nothing but being alive and present,,0,*,primary,,2000,2026,4,4,0,400,0,0,5,estimate,low,"Requires shoes and the decision. Nobody watching, nothing at stake.",details/SPT-004.csv,5
SPT-005,"Running, with people you like",SPT,"The body in motion: sport, dance, swimming, walking",most,"Available to most people, given ordinary circumstances",any,Any age,none,Needs nothing but being alive and present,,0,*,primary,,2000,2026,5,4,0,400,0,0,5,estimate,low,Requires shoes and the decision. The point is the company; the sport is the excuse.,details/SPT-005.csv,5
SPT-006,"Running, competitively",SPT,"The body in motion: sport, dance, swimming, walking",most,"Available to most people, given ordinary circumstances",any,Any age,none,Needs nothing but being alive and present,,0,*,primary,,2000,2026,4,4,0,400,0,0,5,estimate,low,"Requires shoes and the decision. Stakes, a result, and something to be annoyed about.",details/SPT-006.csv,5
SPT-007,"Swimming, alone",SPT,"The body in motion: sport, dance, swimming, walking",most,"Available to most people, given ordinary circumstances",any,Any age,place,"Needs a specific place - a coast, a grove, a hall",land;weather;security,3,*,primary,,2000,2026,4,4,0,400,0,0,5,estimate,low,"The body does something it cannot do on land. Nobody watching, nothing at stake.",details/SPT-007.csv,5
SPT-008,"Swimming, with people you like",SPT,"The body in motion: sport, dance, swimming, walking",most,"Available to most people, given ordinary circumstances",any,Any age,place,"Needs a specific place - a coast, a grove, a hall",land;weather;security,3,*,primary,,2000,2026,5,4,0,400,0,0,5,estimate,low,The body does something it cannot do on land. The point is the company; the sport is the excuse.,details/SPT-008.csv,5
SPT-009,"Swimming, competitively",SPT,"The body in motion: sport, dance, swimming, walking",most,"Available to most people, given ordinary circumstances",any,Any age,place,"Needs a specific place - a coast, a grove, a hall",land;weather;security,3,*,primary,,2000,2026,4,4,0,400,0,0,5,estimate,low,"The body does something it cannot do on land. Stakes, a result, and something to be annoyed about.",details/SPT-009.csv,5
SPT-010,"Cycling, alone",SPT,"The body in motion: sport, dance, swimming, walking",most,"Available to most people, given ordinary circumstances",any,Any age,money_small,Needs a small amount of money,money,1,*,primary,,2000,2026,4,4,0,400,0,0,5,estimate,low,"Distance becomes suddenly available. Nobody watching, nothing at stake.",details/SPT-010.csv,5
SPT-011,"Cycling, with people you like",SPT,"The body in motion: sport, dance, swimming, walking",most,"Available to most people, given ordinary circumstances",any,Any age,money_small,Needs a small amount of money,money,1,*,primary,,2000,2026,5,4,0,400,0,0,5,estimate,low,Distance becomes suddenly available. The point is the company; the sport is the excuse.,details/SPT-011.csv,5
SPT-012,"Cycling, competitively",SPT,"The body in motion: sport, dance, swimming, walking",most,"Available to most people, given ordinary circumstances",any,Any age,money_small,Needs a small amount of money,money,1,*,primary,,2000,2026,4,4,0,400,0,0,5,estimate,low,"Distance becomes suddenly available. Stakes, a result, and something to be annoyed about.",details/SPT-012.csv,5
SPT-013,"Walking properly far, alone",SPT,"The body in motion: sport, dance, swimming, walking",most,"Available to most people, given ordinary circumstances",any,Any age,none,Needs nothing but being alive and present,,0,*,primary,,2000,2026,4,4,0,400,0,0,5,estimate,low,"Slow, cheap, and underrated by everyone. Nobody watching, nothing at stake.",details/SPT-013.csv,5
SPT-014,"Walking properly far, with people you like",SPT,"The body in motion: sport, dance, swimming, walking",most,"Available to most people, given ordinary circumstances",any,Any age,none,Needs nothing but being alive and present,,0,*,primary,,2000,2026,5,4,0,400,0,0,5,estimate,low,"Slow, cheap, and underrated by everyone. The point is the company; the sport is the excuse.",details/SPT-014.csv,5
SPT-015,"Walking properly far, competitively",SPT,"The body in motion: sport, dance, swimming, walking",most,"Available to most people, given ordinary circumstances",any,Any age,none,Needs nothing but being alive and present,,0,*,primary,,2000,2026,4,4,0,400,0,0,5,estimate,low,"Slow, cheap, and underrated by everyone. Stakes, a result, and something to be annoyed about.",details/SPT-015.csv,5
SPT-016,"Football on a screen with people in the room, alone",SPT,"The body in motion: sport, dance, swimming, walking",most,"Available to most people, given ordinary circumstances",any,Any age,power,"Needs electricity, connectivity or equipment",power;platform,2,*,primary,,2000,2026,4,4,0,400,0,0,5,estimate,low,"The watching, not the playing. Nobody watching, nothing at stake.",details/SPT-016.csv,5
SPT-017,"Football on a screen with people in the room, with people you like",SPT,"The body in motion: sport, dance, swimming, walking",most,"Available to most people, given ordinary circumstances",any,Any age,power,"Needs electricity, connectivity or equipment",power;platform,2,*,primary,,2000,2026,5,4,0,400,0,0,5,estimate,low,"The watching, not the playing. The point is the company; the sport is the excuse.",details/SPT-017.csv,5
SPT-018,"Football on a screen with people in the room, competitively",SPT,"The body in motion: sport, dance, swimming, walking",most,"Available to most people, given ordinary circumstances",any,Any age,power,"Needs electricity, connectivity or equipment",power;platform,2,*,primary,,2000,2026,4,4,0,400,0,0,5,estimate,low,"The watching, not the playing. Stakes, a result, and something to be annoyed about.",details/SPT-018.csv,5
SPT-019,"Basketball, alone",SPT,"The body in motion: sport, dance, swimming, walking",most,"Available to most people, given ordinary circumstances",any,Any age,others,Needs at least one other person,family,1,*,primary,,2000,2026,4,4,0,400,0,0,5,estimate,low,"A hoop and whoever is there. Nobody watching, nothing at stake.",details/SPT-019.csv,5
SPT-020,"Basketball, with people you like",SPT,"The body in motion: sport, dance, swimming, walking",most,"Available to most people, given ordinary circumstances",any,Any age,others,Needs at least one other person,family,1,*,primary,,2000,2026,5,4,0,400,0,0,5,estimate,low,A hoop and whoever is there. The point is the company; the sport is the excuse.,details/SPT-020.csv,5
SPT-021,"Basketball, competitively",SPT,"The body in motion: sport, dance, swimming, walking",most,"Available to most people, given ordinary circumstances",any,Any age,others,Needs at least one other person,family,1,*,primary,,2000,2026,4,4,0,400,0,0,5,estimate,low,"A hoop and whoever is there. Stakes, a result, and something to be annoyed about.",details/SPT-021.csv,5
SPT-022,"Table tennis, alone",SPT,"The body in motion: sport, dance, swimming, walking",most,"Available to most people, given ordinary circumstances",any,Any age,money_small,Needs a small amount of money,money,1,*,primary,,2000,2026,4,4,0,400,0,0,5,estimate,low,"Short rallies and violent competitiveness. Nobody watching, nothing at stake.",details/SPT-022.csv,5
SPT-023,"Table tennis, with people you like",SPT,"The body in motion: sport, dance, swimming, walking",most,"Available to most people, given ordinary circumstances",any,Any age,money_small,Needs a small amount of money,money,1,*,primary,,2000,2026,5,4,0,400,0,0,5,estimate,low,Short rallies and violent competitiveness. The point is the company; the sport is the excuse.,details/SPT-023.csv,5
SPT-024,"Table tennis, competitively",SPT,"The body in motion: sport, dance, swimming, walking",most,"Available to most people, given ordinary circumstances",any,Any age,money_small,Needs a small amount of money,money,1,*,primary,,2000,2026,4,4,0,400,0,0,5,estimate,low,"Short rallies and violent competitiveness. Stakes, a result, and something to be annoyed about.",details/SPT-024.csv,5
SPT-025,"Wrestling, alone",SPT,"The body in motion: sport, dance, swimming, walking",most,"Available to most people, given ordinary circumstances",any,Any age,others,Needs at least one other person,family,1,*,primary,,2000,2026,4,4,0,400,0,0,5,estimate,low,"Old, local, and still extremely serious. Nobody watching, nothing at stake.",details/SPT-025.csv,5
SPT-026,"Wrestling, with people you like",SPT,"The body in motion: sport, dance, swimming, walking",most,"Available to most people, given ordinary circumstances",any,Any age,others,Needs at least one other person,family,1,*,primary,,2000,2026,5,4,0,400,0,0,5,estimate,low,"Old, local, and still extremely serious. The point is the company; the sport is the excuse.",details/SPT-026.csv,5
SPT-027,"Wrestling, competitively",SPT,"The body in motion: sport, dance, swimming, walking",most,"Available to most people, given ordinary circumstances",any,Any age,others,Needs at least one other person,family,1,*,primary,,2000,2026,4,4,0,400,0,0,5,estimate,low,"Old, local, and still extremely serious. Stakes, a result, and something to be annoyed about.",details/SPT-027.csv,5
SPT-028,"Boxing training, alone",SPT,"The body in motion: sport, dance, swimming, walking",most,"Available to most people, given ordinary circumstances",any,Any age,money_small,Needs a small amount of money,money,1,*,primary,,2000,2026,4,4,0,400,0,0,5,estimate,low,"Skipping, bags, and no fights necessary. Nobody watching, nothing at stake.",details/SPT-028.csv,5
SPT-029,"Boxing training, with people you like",SPT,"The body in motion: sport, dance, swimming, walking",most,"Available to most people, given ordinary circumstances",any,Any age,money_small,Needs a small amount of money,money,1,*,primary,,2000,2026,5,4,0,400,0,0,5,estimate,low,"Skipping, bags, and no fights necessary. The point is the company; the sport is the excuse.",details/SPT-029.csv,5
SPT-030,"Boxing training, competitively",SPT,"The body in motion: sport, dance, swimming, walking",most,"Available to most people, given ordinary circumstances",any,Any age,money_small,Needs a small amount of money,money,1,*,primary,,2000,2026,4,4,0,400,0,0,5,estimate,low,"Skipping, bags, and no fights necessary. Stakes, a result, and something to be annoyed about.",details/SPT-030.csv,5
SPT-031,"Weightlifting, alone",SPT,"The body in motion: sport, dance, swimming, walking",most,"Available to most people, given ordinary circumstances",any,Any age,money_small,Needs a small amount of money,money,1,*,primary,,2000,2026,4,4,0,400,0,0,5,estimate,low,"Numbers that go up, visibly. Nobody watching, nothing at stake.",details/SPT-031.csv,5
SPT-032,"Weightlifting, with people you like",SPT,"The body in motion: sport, dance, swimming, walking",most,"Available to most people, given ordinary circumstances",any,Any age,money_small,Needs a small amount of money,money,1,*,primary,,2000,2026,5,4,0,400,0,0,5,estimate,low,"Numbers that go up, visibly. The point is the company; the sport is the excuse.",details/SPT-032.csv,5
SPT-033,"Weightlifting, competitively",SPT,"The body in motion: sport, dance, swimming, walking",most,"Available to most people, given ordinary circumstances",any,Any age,money_small,Needs a small amount of money,money,1,*,primary,,2000,2026,4,4,0,400,0,0,5,estimate,low,"Numbers that go up, visibly. Stakes, a result, and something to be annoyed about.",details/SPT-033.csv,5
SPT-034,"Yoga or stretching, alone",SPT,"The body in motion: sport, dance, swimming, walking",most,"Available to most people, given ordinary circumstances",any,Any age,none,Needs nothing but being alive and present,,0,*,primary,,2000,2026,4,4,0,400,0,0,5,estimate,low,"Unfashionable to admit it works. Nobody watching, nothing at stake.",details/SPT-034.csv,5
SPT-035,"Yoga or stretching, with people you like",SPT,"The body in motion: sport, dance, swimming, walking",most,"Available to most people, given ordinary circumstances",any,Any age,none,Needs nothing but being alive and present,,0,*,primary,,2000,2026,5,4,0,400,0,0,5,estimate,low,Unfashionable to admit it works. The point is the company; the sport is the excuse.,details/SPT-035.csv,5
SPT-036,"Yoga or stretching, competitively",SPT,"The body in motion: sport, dance, swimming, walking",most,"Available to most people, given ordinary circumstances",any,Any age,none,Needs nothing but being alive and present,,0,*,primary,,2000,2026,4,4,0,400,0,0,5,estimate,low,"Unfashionable to admit it works. Stakes, a result, and something to be annoyed about.",details/SPT-036.csv,5
SPT-037,"Dancing until late, alone",SPT,"The body in motion: sport, dance, swimming, walking",most,"Available to most people, given ordinary circumstances",any,Any age,others,Needs at least one other person,family,1,*,primary,,2000,2026,4,4,0,400,0,0,5,estimate,low,"The best cardio nobody calls cardio. Nobody watching, nothing at stake.",details/SPT-037.csv,5
SPT-038,"Dancing until late, with people you like",SPT,"The body in motion: sport, dance, swimming, walking",most,"Available to most people, given ordinary circumstances",any,Any age,others,Needs at least one other person,family,1,*,primary,,2000,2026,5,4,0,400,0,0,5,estimate,low,The best cardio nobody calls cardio. The point is the company; the sport is the excuse.,details/SPT-038.csv,5
SPT-039,"Dancing until late, competitively",SPT,"The body in motion: sport, dance, swimming, walking",most,"Available to most people, given ordinary circumstances",any,Any age,others,Needs at least one other person,family,1,*,primary,,2000,2026,4,4,0,400,0,0,5,estimate,low,"The best cardio nobody calls cardio. Stakes, a result, and something to be annoyed about.",details/SPT-039.csv,5
SPT-040,"Hiking, alone",SPT,"The body in motion: sport, dance, swimming, walking",most,"Available to most people, given ordinary circumstances",any,Any age,place,"Needs a specific place - a coast, a grove, a hall",land;weather;security,3,*,primary,,2000,2026,4,4,0,400,0,0,5,estimate,low,"Walking with a hill and a reason. Nobody watching, nothing at stake.",details/SPT-040.csv,5
SPT-041,"Hiking, with people you like",SPT,"The body in motion: sport, dance, swimming, walking",most,"Available to most people, given ordinary circumstances",any,Any age,place,"Needs a specific place - a coast, a grove, a hall",land;weather;security,3,*,primary,,2000,2026,5,4,0,400,0,0,5,estimate,low,Walking with a hill and a reason. The point is the company; the sport is the excuse.,details/SPT-041.csv,5
SPT-042,"Hiking, competitively",SPT,"The body in motion: sport, dance, swimming, walking",most,"Available to most people, given ordinary circumstances",any,Any age,place,"Needs a specific place - a coast, a grove, a hall",land;weather;security,3,*,primary,,2000,2026,4,4,0,400,0,0,5,estimate,low,"Walking with a hill and a reason. Stakes, a result, and something to be annoyed about.",details/SPT-042.csv,5
SPT-043,"Climbing, alone",SPT,"The body in motion: sport, dance, swimming, walking",most,"Available to most people, given ordinary circumstances",any,Any age,money_small,Needs a small amount of money,money,1,*,primary,,2000,2026,4,4,0,400,0,0,5,estimate,low,"A problem solved with the whole body. Nobody watching, nothing at stake.",details/SPT-043.csv,5
SPT-044,"Climbing, with people you like",SPT,"The body in motion: sport, dance, swimming, walking",most,"Available to most people, given ordinary circumstances",any,Any age,money_small,Needs a small amount of money,money,1,*,primary,,2000,2026,5,4,0,400,0,0,5,estimate,low,A problem solved with the whole body. The point is the company; the sport is the excuse.,details/SPT-044.csv,5
SPT-045,"Climbing, competitively",SPT,"The body in motion: sport, dance, swimming, walking",most,"Available to most people, given ordinary circumstances",any,Any age,money_small,Needs a small amount of money,money,1,*,primary,,2000,2026,4,4,0,400,0,0,5,estimate,low,"A problem solved with the whole body. Stakes, a result, and something to be annoyed about.",details/SPT-045.csv,5
SPT-046,"Martial arts, alone",SPT,"The body in motion: sport, dance, swimming, walking",most,"Available to most people, given ordinary circumstances",any,Any age,money_small,Needs a small amount of money,money,1,*,primary,,2000,2026,4,4,0,400,0,0,5,estimate,low,"Structure, ranks, and somebody correcting you. Nobody watching, nothing at stake.",details/SPT-046.csv,5
SPT-047,"Martial arts, with people you like",SPT,"The body in motion: sport, dance, swimming, walking",most,"Available to most people, given ordinary circumstances",any,Any age,money_small,Needs a small amount of money,money,1,*,primary,,2000,2026,5,4,0,400,0,0,5,estimate,low,"Structure, ranks, and somebody correcting you. The point is the company; the sport is the excuse.",details/SPT-047.csv,5
SPT-048,"Martial arts, competitively",SPT,"The body in motion: sport, dance, swimming, walking",most,"Available to most people, given ordinary circumstances",any,Any age,money_small,Needs a small amount of money,money,1,*,primary,,2000,2026,4,4,0,400,0,0,5,estimate,low,"Structure, ranks, and somebody correcting you. Stakes, a result, and something to be annoyed about.",details/SPT-048.csv,5
SPT-049,"Cricket, alone",SPT,"The body in motion: sport, dance, swimming, walking",most,"Available to most people, given ordinary circumstances",any,Any age,others,Needs at least one other person,family,1,*,primary,,2000,2026,4,4,0,400,0,0,5,estimate,low,"Long, social, and mostly standing about. Nobody watching, nothing at stake.",details/SPT-049.csv,5
SPT-050,"Cricket, with people you like",SPT,"The body in motion: sport, dance, swimming, walking",most,"Available to most people, given ordinary circumstances",any,Any age,others,Needs at least one other person,family,1,*,primary,,2000,2026,5,4,0,400,0,0,5,estimate,low,"Long, social, and mostly standing about. The point is the company; the sport is the excuse.",details/SPT-050.csv,5
SPT-051,"Cricket, competitively",SPT,"The body in motion: sport, dance, swimming, walking",most,"Available to most people, given ordinary circumstances",any,Any age,others,Needs at least one other person,family,1,*,primary,,2000,2026,4,4,0,400,0,0,5,estimate,low,"Long, social, and mostly standing about. Stakes, a result, and something to be annoyed about.",details/SPT-051.csv,5
SPT-052,"Volleyball on sand, alone",SPT,"The body in motion: sport, dance, swimming, walking",most,"Available to most people, given ordinary circumstances",any,Any age,place,"Needs a specific place - a coast, a grove, a hall",land;weather;security,3,*,primary,,2000,2026,4,4,0,400,0,0,5,estimate,low,"Sunburn and a great deal of shouting. Nobody watching, nothing at stake.",details/SPT-052.csv,5
SPT-053,"Volleyball on sand, with people you like",SPT,"The body in motion: sport, dance, swimming, walking",most,"Available to most people, given ordinary circumstances",any,Any age,place,"Needs a specific place - a coast, a grove, a hall",land;weather;security,3,*,primary,,2000,2026,5,4,0,400,0,0,5,estimate,low,Sunburn and a great deal of shouting. The point is the company; the sport is the excuse.,details/SPT-053.csv,5
SPT-054,"Volleyball on sand, competitively",SPT,"The body in motion: sport, dance, swimming, walking",most,"Available to most people, given ordinary circumstances",any,Any age,place,"Needs a specific place - a coast, a grove, a hall",land;weather;security,3,*,primary,,2000,2026,4,4,0,400,0,0,5,estimate,low,"Sunburn and a great deal of shouting. Stakes, a result, and something to be annoyed about.",details/SPT-054.csv,5
SPT-055,"Skating, alone",SPT,"The body in motion: sport, dance, swimming, walking",most,"Available to most people, given ordinary circumstances",any,Any age,money_small,Needs a small amount of money,money,1,*,primary,,2000,2026,4,4,0,400,0,0,5,estimate,low,"Falling, repeatedly, in public. Nobody watching, nothing at stake.",details/SPT-055.csv,5
SPT-056,"Skating, with people you like",SPT,"The body in motion: sport, dance, swimming, walking",most,"Available to most people, given ordinary circumstances",any,Any age,money_small,Needs a small amount of money,money,1,*,primary,,2000,2026,5,4,0,400,0,0,5,estimate,low,"Falling, repeatedly, in public. The point is the company; the sport is the excuse.",details/SPT-056.csv,5
SPT-057,"Skating, competitively",SPT,"The body in motion: sport, dance, swimming, walking",most,"Available to most people, given ordinary circumstances",any,Any age,money_small,Needs a small amount of money,money,1,*,primary,,2000,2026,4,4,0,400,0,0,5,estimate,low,"Falling, repeatedly, in public. Stakes, a result, and something to be annoyed about.",details/SPT-057.csv,5
SPT-058,"Fishing, alone",SPT,"The body in motion: sport, dance, swimming, walking",most,"Available to most people, given ordinary circumstances",any,Any age,place,"Needs a specific place - a coast, a grove, a hall",land;weather;security,3,*,primary,,2000,2026,4,4,0,400,0,0,5,estimate,low,"The catching is optional and largely beside the point. Nobody watching, nothing at stake.",details/SPT-058.csv,5
SPT-059,"Fishing, with people you like",SPT,"The body in motion: sport, dance, swimming, walking",most,"Available to most people, given ordinary circumstances",any,Any age,place,"Needs a specific place - a coast, a grove, a hall",land;weather;security,3,*,primary,,2000,2026,5,4,0,400,0,0,5,estimate,low,The catching is optional and largely beside the point. The point is the company; the sport is the excuse.,details/SPT-059.csv,5
SPT-060,"Fishing, competitively",SPT,"The body in motion: sport, dance, swimming, walking",most,"Available to most people, given ordinary circumstances",any,Any age,place,"Needs a specific place - a coast, a grove, a hall",land;weather;security,3,*,primary,,2000,2026,4,4,0,400,0,0,5,estimate,low,"The catching is optional and largely beside the point. Stakes, a result, and something to be annoyed about.",details/SPT-060.csv,5
SPT-061,"A pickup game with strangers, alone",SPT,"The body in motion: sport, dance, swimming, walking",most,"Available to most people, given ordinary circumstances",any,Any age,others,Needs at least one other person,family,1,*,primary,,2000,2026,4,4,0,400,0,0,5,estimate,low,"Teams assembled in ninety seconds. Nobody watching, nothing at stake.",details/SPT-061.csv,5
SPT-062,"A pickup game with strangers, with people you like",SPT,"The body in motion: sport, dance, swimming, walking",most,"Available to most people, given ordinary circumstances",any,Any age,others,Needs at least one other person,family,1,*,primary,,2000,2026,5,4,0,400,0,0,5,estimate,low,Teams assembled in ninety seconds. The point is the company; the sport is the excuse.,details/SPT-062.csv,5
SPT-063,"A pickup game with strangers, competitively",SPT,"The body in motion: sport, dance, swimming, walking",most,"Available to most people, given ordinary circumstances",any,Any age,others,Needs at least one other person,family,1,*,primary,,2000,2026,4,4,0,400,0,0,5,estimate,low,"Teams assembled in ninety seconds. Stakes, a result, and something to be annoyed about.",details/SPT-063.csv,5
SPT-064,"Swimming in the sea in winter, alone",SPT,"The body in motion: sport, dance, swimming, walking",most,"Available to most people, given ordinary circumstances",any,Any age,place,"Needs a specific place - a coast, a grove, a hall",land;weather;security,3,*,primary,,2000,2026,4,4,0,400,0,0,5,estimate,low,"Briefly awful, then excellent for hours. Nobody watching, nothing at stake.",details/SPT-064.csv,5
SPT-065,"Swimming in the sea in winter, with people you like",SPT,"The body in motion: sport, dance, swimming, walking",most,"Available to most people, given ordinary circumstances",any,Any age,place,"Needs a specific place - a coast, a grove, a hall",land;weather;security,3,*,primary,,2000,2026,5,4,0,400,0,0,5,estimate,low,"Briefly awful, then excellent for hours. The point is the company; the sport is the excuse.",details/SPT-065.csv,5
SPT-066,"Swimming in the sea in winter, competitively",SPT,"The body in motion: sport, dance, swimming, walking",most,"Available to most people, given ordinary circumstances",any,Any age,place,"Needs a specific place - a coast, a grove, a hall",land;weather;security,3,*,primary,,2000,2026,4,4,0,400,0,0,5,estimate,low,"Briefly awful, then excellent for hours. Stakes, a result, and something to be annoyed about.",details/SPT-066.csv,5
SEN-001,The first mouthful of tea in the morning,SEN,Small sensory goods: the tiny reliable pleasures,anyone,"Available to essentially anyone, anywhere",any,Any age,none,Needs nothing but being alive and present,,0,*,primary,,2000,2026,4,5,0,3,0,0,5,estimate,low,"A small, cheap, repeatable good. The savoring literature is direct about these: it is less the objective density of nice things that makes a day good than whether they are noticed and amplified.",details/SEN-001.csv,5
SEN-002,Cold water when you are genuinely thirsty,SEN,Small sensory goods: the tiny reliable pleasures,anyone,"Available to essentially anyone, anywhere",any,Any age,none,Needs nothing but being alive and present,,0,*,primary,,2000,2026,4,5,0,3,0,0,5,estimate,low,"A small, cheap, repeatable good. The savoring literature is direct about these: it is less the objective density of nice things that makes a day good than whether they are noticed and amplified.",details/SEN-002.csv,5
SEN-003,Getting into a bed with clean sheets,SEN,Small sensory goods: the tiny reliable pleasures,anyone,"Available to essentially anyone, anywhere",any,Any age,none,Needs nothing but being alive and present,,0,*,primary,,2000,2026,4,5,0,3,0,0,5,estimate,low,"A small, cheap, repeatable good. The savoring literature is direct about these: it is less the objective density of nice things that makes a day good than whether they are noticed and amplified.",details/SEN-003.csv,5
SEN-004,A hot shower after being cold all day,SEN,Small sensory goods: the tiny reliable pleasures,anyone,"Available to essentially anyone, anywhere",any,Any age,none,Needs nothing but being alive and present,,0,*,primary,,2000,2026,4,5,0,3,0,0,5,estimate,low,"A small, cheap, repeatable good. The savoring literature is direct about these: it is less the objective density of nice things that makes a day good than whether they are noticed and amplified.",details/SEN-004.csv,5
SEN-005,The smell of rain landing on hot dust,SEN,Small sensory goods: the tiny reliable pleasures,anyone,"Available to essentially anyone, anywhere",any,Any age,none,Needs nothing but being alive and present,,0,*,primary,,2000,2026,4,5,0,3,0,0,5,estimate,low,"A small, cheap, repeatable good. The savoring literature is direct about these: it is less the objective density of nice things that makes a day good than whether they are noticed and amplified.",details/SEN-005.csv,5
SEN-006,Bread coming out of an oven somewhere nearby,SEN,Small sensory goods: the tiny reliable pleasures,anyone,"Available to essentially anyone, anywhere",any,Any age,none,Needs nothing but being alive and present,,0,*,primary,,2000,2026,4,5,0,3,0,0,5,estimate,low,"A small, cheap, repeatable good. The savoring literature is direct about these: it is less the objective density of nice things that makes a day good than whether they are noticed and amplified.",details/SEN-006.csv,5
SEN-007,Taking off shoes that were wrong,SEN,Small sensory goods: the tiny reliable pleasures,anyone,"Available to essentially anyone, anywhere",any,Any age,none,Needs nothing but being alive and present,,0,*,primary,,2000,2026,4,5,0,3,0,0,5,estimate,low,"A small, cheap, repeatable good. The savoring literature is direct about these: it is less the objective density of nice things that makes a day good than whether they are noticed and amplified.",details/SEN-007.csv,5
SEN-008,"The exact right temperature, briefly",SEN,Small sensory goods: the tiny reliable pleasures,anyone,"Available to essentially anyone, anywhere",any,Any age,none,Needs nothing but being alive and present,,0,*,primary,,2000,2026,4,5,0,3,0,0,5,estimate,low,"A small, cheap, repeatable good. The savoring literature is direct about these: it is less the objective density of nice things that makes a day good than whether they are noticed and amplified.",details/SEN-008.csv,5
SEN-009,Sun on your back in the first warm week,SEN,Small sensory goods: the tiny reliable pleasures,anyone,"Available to essentially anyone, anywhere",any,Any age,none,Needs nothing but being alive and present,,0,*,primary,,2000,2026,4,5,0,3,0,0,5,estimate,low,"A small, cheap, repeatable good. The savoring literature is direct about these: it is less the objective density of nice things that makes a day good than whether they are noticed and amplified.",details/SEN-009.csv,5
SEN-010,A breeze arriving at the correct moment,SEN,Small sensory goods: the tiny reliable pleasures,anyone,"Available to essentially anyone, anywhere",any,Any age,none,Needs nothing but being alive and present,,0,*,primary,,2000,2026,4,5,0,3,0,0,5,estimate,low,"A small, cheap, repeatable good. The savoring literature is direct about these: it is less the objective density of nice things that makes a day good than whether they are noticed and amplified.",details/SEN-010.csv,5
SEN-011,The weight of a blanket,SEN,Small sensory goods: the tiny reliable pleasures,anyone,"Available to essentially anyone, anywhere",any,Any age,none,Needs nothing but being alive and present,,0,*,primary,,2000,2026,4,5,0,3,0,0,5,estimate,low,"A small, cheap, repeatable good. The savoring literature is direct about these: it is less the objective density of nice things that makes a day good than whether they are noticed and amplified.",details/SEN-011.csv,5
SEN-012,Somebody else washing your hair,SEN,Small sensory goods: the tiny reliable pleasures,anyone,"Available to essentially anyone, anywhere",any,Any age,none,Needs nothing but being alive and present,,0,*,primary,,2000,2026,4,5,0,3,0,0,5,estimate,low,"A small, cheap, repeatable good. The savoring literature is direct about these: it is less the objective density of nice things that makes a day good than whether they are noticed and amplified.",details/SEN-012.csv,5
SEN-013,Scratching an itch you could not reach,SEN,Small sensory goods: the tiny reliable pleasures,anyone,"Available to essentially anyone, anywhere",any,Any age,none,Needs nothing but being alive and present,,0,*,primary,,2000,2026,4,5,0,3,0,0,5,estimate,low,"A small, cheap, repeatable good. The savoring literature is direct about these: it is less the objective density of nice things that makes a day good than whether they are noticed and amplified.",details/SEN-013.csv,5
SEN-014,Cracking something that was meant to crack,SEN,Small sensory goods: the tiny reliable pleasures,anyone,"Available to essentially anyone, anywhere",any,Any age,none,Needs nothing but being alive and present,,0,*,primary,,2000,2026,4,5,0,3,0,0,5,estimate,low,"A small, cheap, repeatable good. The savoring literature is direct about these: it is less the objective density of nice things that makes a day good than whether they are noticed and amplified.",details/SEN-014.csv,5
SEN-015,A pen that writes properly,SEN,Small sensory goods: the tiny reliable pleasures,anyone,"Available to essentially anyone, anywhere",any,Any age,none,Needs nothing but being alive and present,,0,*,primary,,2000,2026,4,5,0,3,0,0,5,estimate,low,"A small, cheap, repeatable good. The savoring literature is direct about these: it is less the objective density of nice things that makes a day good than whether they are noticed and amplified.",details/SEN-015.csv,5
SEN-016,Coffee that somebody made well,SEN,Small sensory goods: the tiny reliable pleasures,anyone,"Available to essentially anyone, anywhere",any,Any age,none,Needs nothing but being alive and present,,0,*,primary,,2000,2026,4,5,0,3,0,0,5,estimate,low,"A small, cheap, repeatable good. The savoring literature is direct about these: it is less the objective density of nice things that makes a day good than whether they are noticed and amplified.",details/SEN-016.csv,5
SEN-017,Onions going into hot oil,SEN,Small sensory goods: the tiny reliable pleasures,anyone,"Available to essentially anyone, anywhere",any,Any age,none,Needs nothing but being alive and present,,0,*,primary,,2000,2026,4,5,0,3,0,0,5,estimate,low,"A small, cheap, repeatable good. The savoring literature is direct about these: it is less the objective density of nice things that makes a day good than whether they are noticed and amplified.",details/SEN-017.csv,5
SEN-018,The silence after a generator stops,SEN,Small sensory goods: the tiny reliable pleasures,anyone,"Available to essentially anyone, anywhere",any,Any age,none,Needs nothing but being alive and present,,0,*,primary,,2000,2026,4,5,0,3,0,0,5,estimate,low,"A small, cheap, repeatable good. The savoring literature is direct about these: it is less the objective density of nice things that makes a day good than whether they are noticed and amplified.",details/SEN-018.csv,5
SEN-019,Clean laundry brought in off a line,SEN,Small sensory goods: the tiny reliable pleasures,anyone,"Available to essentially anyone, anywhere",any,Any age,none,Needs nothing but being alive and present,,0,*,primary,,2000,2026,4,5,0,3,0,0,5,estimate,low,"A small, cheap, repeatable good. The savoring literature is direct about these: it is less the objective density of nice things that makes a day good than whether they are noticed and amplified.",details/SEN-019.csv,5
SEN-020,Stepping out of the sun into shade,SEN,Small sensory goods: the tiny reliable pleasures,anyone,"Available to essentially anyone, anywhere",any,Any age,none,Needs nothing but being alive and present,,0,*,primary,,2000,2026,4,5,0,3,0,0,5,estimate,low,"A small, cheap, repeatable good. The savoring literature is direct about these: it is less the objective density of nice things that makes a day good than whether they are noticed and amplified.",details/SEN-020.csv,5
SEN-021,Cold fruit on a hot day,SEN,Small sensory goods: the tiny reliable pleasures,anyone,"Available to essentially anyone, anywhere",any,Any age,none,Needs nothing but being alive and present,,0,*,primary,,2000,2026,4,5,0,3,0,0,5,estimate,low,"A small, cheap, repeatable good. The savoring literature is direct about these: it is less the objective density of nice things that makes a day good than whether they are noticed and amplified.",details/SEN-021.csv,5
SEN-022,The sound of other people cooking,SEN,Small sensory goods: the tiny reliable pleasures,anyone,"Available to essentially anyone, anywhere",any,Any age,none,Needs nothing but being alive and present,,0,*,primary,,2000,2026,4,5,0,3,0,0,5,estimate,low,"A small, cheap, repeatable good. The savoring literature is direct about these: it is less the objective density of nice things that makes a day good than whether they are noticed and amplified.",details/SEN-022.csv,5
SEN-023,A door closing properly on the first try,SEN,Small sensory goods: the tiny reliable pleasures,anyone,"Available to essentially anyone, anywhere",any,Any age,none,Needs nothing but being alive and present,,0,*,primary,,2000,2026,4,5,0,3,0,0,5,estimate,low,"A small, cheap, repeatable good. The savoring literature is direct about these: it is less the objective density of nice things that makes a day good than whether they are noticed and amplified.",details/SEN-023.csv,5
SEN-024,Getting a seat on a full bus,SEN,Small sensory goods: the tiny reliable pleasures,anyone,"Available to essentially anyone, anywhere",any,Any age,none,Needs nothing but being alive and present,,0,*,primary,,2000,2026,4,5,0,3,0,0,5,estimate,low,"A small, cheap, repeatable good. The savoring literature is direct about these: it is less the objective density of nice things that makes a day good than whether they are noticed and amplified.",details/SEN-024.csv,5
SEN-025,Putting something heavy down,SEN,Small sensory goods: the tiny reliable pleasures,anyone,"Available to essentially anyone, anywhere",any,Any age,none,Needs nothing but being alive and present,,0,*,primary,,2000,2026,4,5,0,3,0,0,5,estimate,low,"A small, cheap, repeatable good. The savoring literature is direct about these: it is less the objective density of nice things that makes a day good than whether they are noticed and amplified.",details/SEN-025.csv,5
SEN-026,The first sip of something cold and fizzy,SEN,Small sensory goods: the tiny reliable pleasures,anyone,"Available to essentially anyone, anywhere",any,Any age,none,Needs nothing but being alive and present,,0,*,primary,,2000,2026,4,5,0,3,0,0,5,estimate,low,"A small, cheap, repeatable good. The savoring literature is direct about these: it is less the objective density of nice things that makes a day good than whether they are noticed and amplified.",details/SEN-026.csv,5
SEN-027,Warm floor under bare feet,SEN,Small sensory goods: the tiny reliable pleasures,anyone,"Available to essentially anyone, anywhere",any,Any age,none,Needs nothing but being alive and present,,0,*,primary,,2000,2026,4,5,0,3,0,0,5,estimate,low,"A small, cheap, repeatable good. The savoring literature is direct about these: it is less the objective density of nice things that makes a day good than whether they are noticed and amplified.",details/SEN-027.csv,5
SEN-028,A song arriving exactly when needed,SEN,Small sensory goods: the tiny reliable pleasures,anyone,"Available to essentially anyone, anywhere",any,Any age,none,Needs nothing but being alive and present,,0,*,primary,,2000,2026,4,5,0,3,0,0,5,estimate,low,"A small, cheap, repeatable good. The savoring literature is direct about these: it is less the objective density of nice things that makes a day good than whether they are noticed and amplified.",details/SEN-028.csv,5
SEN-029,Sitting down after standing for hours,SEN,Small sensory goods: the tiny reliable pleasures,anyone,"Available to essentially anyone, anywhere",any,Any age,none,Needs nothing but being alive and present,,0,*,primary,,2000,2026,4,5,0,3,0,0,5,estimate,low,"A small, cheap, repeatable good. The savoring literature is direct about these: it is less the objective density of nice things that makes a day good than whether they are noticed and amplified.",details/SEN-029.csv,5
SEN-030,The smell of a specific spice mix,SEN,Small sensory goods: the tiny reliable pleasures,anyone,"Available to essentially anyone, anywhere",any,Any age,none,Needs nothing but being alive and present,,0,*,primary,,2000,2026,4,5,0,3,0,0,5,estimate,low,"A small, cheap, repeatable good. The savoring literature is direct about these: it is less the objective density of nice things that makes a day good than whether they are noticed and amplified.",details/SEN-030.csv,5
SEN-031,Wind through a window in a moving car,SEN,Small sensory goods: the tiny reliable pleasures,anyone,"Available to essentially anyone, anywhere",any,Any age,none,Needs nothing but being alive and present,,0,*,primary,,2000,2026,4,5,0,3,0,0,5,estimate,low,"A small, cheap, repeatable good. The savoring literature is direct about these: it is less the objective density of nice things that makes a day good than whether they are noticed and amplified.",details/SEN-031.csv,5
SEN-032,Being handed something without asking,SEN,Small sensory goods: the tiny reliable pleasures,anyone,"Available to essentially anyone, anywhere",any,Any age,none,Needs nothing but being alive and present,,0,*,primary,,2000,2026,4,5,0,3,0,0,5,estimate,low,"A small, cheap, repeatable good. The savoring literature is direct about these: it is less the objective density of nice things that makes a day good than whether they are noticed and amplified.",details/SEN-032.csv,5
SEN-033,A cat's weight settling on you,SEN,Small sensory goods: the tiny reliable pleasures,anyone,"Available to essentially anyone, anywhere",any,Any age,none,Needs nothing but being alive and present,,0,*,primary,,2000,2026,4,5,0,3,0,0,5,estimate,low,"A small, cheap, repeatable good. The savoring literature is direct about these: it is less the objective density of nice things that makes a day good than whether they are noticed and amplified.",details/SEN-033.csv,5
SEN-034,Ice in a drink in a hot country,SEN,Small sensory goods: the tiny reliable pleasures,anyone,"Available to essentially anyone, anywhere",any,Any age,none,Needs nothing but being alive and present,,0,*,primary,,2000,2026,4,5,0,3,0,0,5,estimate,low,"A small, cheap, repeatable good. The savoring literature is direct about these: it is less the objective density of nice things that makes a day good than whether they are noticed and amplified.",details/SEN-034.csv,5
SEN-035,The moment a headache lifts,SEN,Small sensory goods: the tiny reliable pleasures,anyone,"Available to essentially anyone, anywhere",any,Any age,none,Needs nothing but being alive and present,,0,*,primary,,2000,2026,4,5,0,3,0,0,5,estimate,low,"A small, cheap, repeatable good. The savoring literature is direct about these: it is less the objective density of nice things that makes a day good than whether they are noticed and amplified.",details/SEN-035.csv,5
SEN-036,Finding money in a coat,SEN,Small sensory goods: the tiny reliable pleasures,anyone,"Available to essentially anyone, anywhere",any,Any age,none,Needs nothing but being alive and present,,0,*,primary,,2000,2026,4,5,0,3,0,0,5,estimate,low,"A small, cheap, repeatable good. The savoring literature is direct about these: it is less the objective density of nice things that makes a day good than whether they are noticed and amplified.",details/SEN-036.csv,5
SEN-037,A shower after swimming in the sea,SEN,Small sensory goods: the tiny reliable pleasures,anyone,"Available to essentially anyone, anywhere",any,Any age,none,Needs nothing but being alive and present,,0,*,primary,,2000,2026,4,5,0,3,0,0,5,estimate,low,"A small, cheap, repeatable good. The savoring literature is direct about these: it is less the objective density of nice things that makes a day good than whether they are noticed and amplified.",details/SEN-037.csv,5
SEN-038,The smell of a book that has been somewhere,SEN,Small sensory goods: the tiny reliable pleasures,anyone,"Available to essentially anyone, anywhere",any,Any age,none,Needs nothing but being alive and present,,0,*,primary,,2000,2026,4,5,0,3,0,0,5,estimate,low,"A small, cheap, repeatable good. The savoring literature is direct about these: it is less the objective density of nice things that makes a day good than whether they are noticed and amplified.",details/SEN-038.csv,5
SEN-039,Somebody's cooking recognised from the stairwell,SEN,Small sensory goods: the tiny reliable pleasures,anyone,"Available to essentially anyone, anywhere",any,Any age,none,Needs nothing but being alive and present,,0,*,primary,,2000,2026,4,5,0,3,0,0,5,estimate,low,"A small, cheap, repeatable good. The savoring literature is direct about these: it is less the objective density of nice things that makes a day good than whether they are noticed and amplified.",details/SEN-039.csv,5
SEN-040,Waking before the alarm and having time,SEN,Small sensory goods: the tiny reliable pleasures,anyone,"Available to essentially anyone, anywhere",any,Any age,none,Needs nothing but being alive and present,,0,*,primary,,2000,2026,4,5,0,3,0,0,5,estimate,low,"A small, cheap, repeatable good. The savoring literature is direct about these: it is less the objective density of nice things that makes a day good than whether they are noticed and amplified.",details/SEN-040.csv,5
SEN-041,A room that smells of oud or bakhoor,SEN,Small sensory goods: the tiny reliable pleasures,anyone,"Available to essentially anyone, anywhere",any,Any age,none,Needs nothing but being alive and present,,0,*,primary,,2000,2026,4,5,0,3,0,0,5,estimate,low,"A small, cheap, repeatable good. The savoring literature is direct about these: it is less the objective density of nice things that makes a day good than whether they are noticed and amplified.",details/SEN-041.csv,5
SEN-042,Fresh mint in the glass,SEN,Small sensory goods: the tiny reliable pleasures,anyone,"Available to essentially anyone, anywhere",any,Any age,none,Needs nothing but being alive and present,,0,*,primary,,2000,2026,4,5,0,3,0,0,5,estimate,low,"A small, cheap, repeatable good. The savoring literature is direct about these: it is less the objective density of nice things that makes a day good than whether they are noticed and amplified.",details/SEN-042.csv,5
SEN-043,Charcoal smoke from somebody's grill,SEN,Small sensory goods: the tiny reliable pleasures,anyone,"Available to essentially anyone, anywhere",any,Any age,none,Needs nothing but being alive and present,,0,*,primary,,2000,2026,4,5,0,3,0,0,5,estimate,low,"A small, cheap, repeatable good. The savoring literature is direct about these: it is less the objective density of nice things that makes a day good than whether they are noticed and amplified.",details/SEN-043.csv,5
SEN-044,The quiet just before a call to prayer,SEN,Small sensory goods: the tiny reliable pleasures,anyone,"Available to essentially anyone, anywhere",any,Any age,none,Needs nothing but being alive and present,,0,*,primary,,2000,2026,4,5,0,3,0,0,5,estimate,low,"A small, cheap, repeatable good. The savoring literature is direct about these: it is less the objective density of nice things that makes a day good than whether they are noticed and amplified.",details/SEN-044.csv,5
SEN-045,Rain stopping and everything dripping,SEN,Small sensory goods: the tiny reliable pleasures,anyone,"Available to essentially anyone, anywhere",any,Any age,none,Needs nothing but being alive and present,,0,*,primary,,2000,2026,4,5,0,3,0,0,5,estimate,low,"A small, cheap, repeatable good. The savoring literature is direct about these: it is less the objective density of nice things that makes a day good than whether they are noticed and amplified.",details/SEN-045.csv,5
SEN-046,A haircut that went right,SEN,Small sensory goods: the tiny reliable pleasures,anyone,"Available to essentially anyone, anywhere",any,Any age,none,Needs nothing but being alive and present,,0,*,primary,,2000,2026,4,5,0,3,0,0,5,estimate,low,"A small, cheap, repeatable good. The savoring literature is direct about these: it is less the objective density of nice things that makes a day good than whether they are noticed and amplified.",details/SEN-046.csv,5
SEN-047,The first cold morning after a long heat,SEN,Small sensory goods: the tiny reliable pleasures,anyone,"Available to essentially anyone, anywhere",any,Any age,none,Needs nothing but being alive and present,,0,*,primary,,2000,2026,4,5,0,3,0,0,5,estimate,low,"A small, cheap, repeatable good. The savoring literature is direct about these: it is less the objective density of nice things that makes a day good than whether they are noticed and amplified.",details/SEN-047.csv,5
SEN-048,Standing in a doorway during a storm,SEN,Small sensory goods: the tiny reliable pleasures,anyone,"Available to essentially anyone, anywhere",any,Any age,none,Needs nothing but being alive and present,,0,*,primary,,2000,2026,4,5,0,3,0,0,5,estimate,low,"A small, cheap, repeatable good. The savoring literature is direct about these: it is less the objective density of nice things that makes a day good than whether they are noticed and amplified.",details/SEN-048.csv,5
SEN-049,Warm bread torn rather than cut,SEN,Small sensory goods: the tiny reliable pleasures,anyone,"Available to essentially anyone, anywhere",any,Any age,none,Needs nothing but being alive and present,,0,*,primary,,2000,2026,4,5,0,3,0,0,5,estimate,low,"A small, cheap, repeatable good. The savoring literature is direct about these: it is less the objective density of nice things that makes a day good than whether they are noticed and amplified.",details/SEN-049.csv,5
SEN-050,The specific dark of a power cut with candles,SEN,Small sensory goods: the tiny reliable pleasures,anyone,"Available to essentially anyone, anywhere",any,Any age,none,Needs nothing but being alive and present,,0,*,primary,,2000,2026,4,5,0,3,0,0,5,estimate,low,"A small, cheap, repeatable good. The savoring literature is direct about these: it is less the objective density of nice things that makes a day good than whether they are noticed and amplified.",details/SEN-050.csv,5
EDU-001,The teacher who decided you were clever,EDU,"Learning, school, being taught, getting it",most,"Available to most people, given ordinary circumstances",childhood,4-12,institution,"Needs a school, employer, bank or state to cooperate",credential;discretion;work;school;money,5,*,primary,,2000,2026,5,2,0,40000,0,0,5,estimate,low,"Learning, and specifically the moment where difficulty and capability cross. Clear goals, immediate feedback, a challenge just above the current skill: the flow conditions, formalised into a building.",details/EDU-001.csv,5
EDU-002,Understanding something that was opaque last week,EDU,"Learning, school, being taught, getting it",most,"Available to most people, given ordinary circumstances",any,Any age,none,Needs nothing but being alive and present,,0,*,primary,,2000,2026,5,2,0,40000,0,0,5,estimate,low,"Learning, and specifically the moment where difficulty and capability cross. Clear goals, immediate feedback, a challenge just above the current skill: the flow conditions, formalised into a building.",details/EDU-002.csv,5
EDU-003,Being top of something for the first time,EDU,"Learning, school, being taught, getting it",most,"Available to most people, given ordinary circumstances",childhood,4-12,institution,"Needs a school, employer, bank or state to cooperate",credential;discretion;work;school;money,5,*,primary,,2000,2026,4,2,0,40000,0,0,5,estimate,low,"Learning, and specifically the moment where difficulty and capability cross. Clear goals, immediate feedback, a challenge just above the current skill: the flow conditions, formalised into a building.",details/EDU-003.csv,5
EDU-004,A subject that turned out to be yours,EDU,"Learning, school, being taught, getting it",most,"Available to most people, given ordinary circumstances",adolescence,13-19,institution,"Needs a school, employer, bank or state to cooperate",credential;discretion;work;school;money,5,*,primary,,2000,2026,5,2,0,40000,0,0,5,estimate,low,"Learning, and specifically the moment where difficulty and capability cross. Clear goals, immediate feedback, a challenge just above the current skill: the flow conditions, formalised into a building.",details/EDU-004.csv,5
EDU-005,Passing the exam that decides the next ten years,EDU,"Learning, school, being taught, getting it",most,"Available to most people, given ordinary circumstances",adolescence,13-19,institution,"Needs a school, employer, bank or state to cooperate",credential;discretion;work;school;money,5,*,primary,,2000,2026,5,2,0,40000,0,0,5,estimate,low,"Learning, and specifically the moment where difficulty and capability cross. Clear goals, immediate feedback, a challenge just above the current skill: the flow conditions, formalised into a building.",details/EDU-005.csv,5
EDU-006,The first day at a school you chose,EDU,"Learning, school, being taught, getting it",most,"Available to most people, given ordinary circumstances",adolescence,13-19,institution,"Needs a school, employer, bank or state to cooperate",credential;discretion;work;school;money,5,*,primary,,2000,2026,5,2,0,40000,0,0,5,estimate,low,"Learning, and specifically the moment where difficulty and capability cross. Clear goals, immediate feedback, a challenge just above the current skill: the flow conditions, formalised into a building.",details/EDU-006.csv,5
EDU-007,A library with nobody in it,EDU,"Learning, school, being taught, getting it",most,"Available to most people, given ordinary circumstances",any,Any age,place,"Needs a specific place - a coast, a grove, a hall",land;weather,2,*,primary,,2000,2026,5,2,0,40000,0,0,5,estimate,low,"Learning, and specifically the moment where difficulty and capability cross. Clear goals, immediate feedback, a challenge just above the current skill: the flow conditions, formalised into a building.",details/EDU-007.csv,5
EDU-008,Being taught by somebody who is genuinely expert,EDU,"Learning, school, being taught, getting it",most,"Available to most people, given ordinary circumstances",young_adult,20-34,institution,"Needs a school, employer, bank or state to cooperate",credential;discretion;work;school;money,5,*,primary,,2000,2026,5,2,0,40000,0,0,5,estimate,low,"Learning, and specifically the moment where difficulty and capability cross. Clear goals, immediate feedback, a challenge just above the current skill: the flow conditions, formalised into a building.",details/EDU-008.csv,5
EDU-009,The scholarship letter,EDU,"Learning, school, being taught, getting it",most,"Available to most people, given ordinary circumstances",young_adult,20-34,institution,"Needs a school, employer, bank or state to cooperate",credential;discretion;work;school;money,5,*,primary,,2000,2026,5,2,0,40000,0,0,5,estimate,low,"Learning, and specifically the moment where difficulty and capability cross. Clear goals, immediate feedback, a challenge just above the current skill: the flow conditions, formalised into a building.",details/EDU-009.csv,5
EDU-010,Finishing a degree that took too long,EDU,"Learning, school, being taught, getting it",most,"Available to most people, given ordinary circumstances",young_adult,20-34,institution,"Needs a school, employer, bank or state to cooperate",credential;discretion;work;school;money,5,*,primary,,2000,2026,5,2,0,40000,0,0,5,estimate,low,"Learning, and specifically the moment where difficulty and capability cross. Clear goals, immediate feedback, a challenge just above the current skill: the flow conditions, formalised into a building.",details/EDU-010.csv,5
EDU-011,Learning to read,EDU,"Learning, school, being taught, getting it",most,"Available to most people, given ordinary circumstances",childhood,4-12,institution,"Needs a school, employer, bank or state to cooperate",credential;discretion;work;school;money,5,*,primary,,2000,2026,5,2,0,40000,0,0,5,estimate,low,"Learning, and specifically the moment where difficulty and capability cross. Clear goals, immediate feedback, a challenge just above the current skill: the flow conditions, formalised into a building.",details/EDU-011.csv,5
EDU-012,Reading a whole book for the first time,EDU,"Learning, school, being taught, getting it",most,"Available to most people, given ordinary circumstances",childhood,4-12,none,Needs nothing but being alive and present,,0,*,primary,,2000,2026,5,2,0,40000,0,0,5,estimate,low,"Learning, and specifically the moment where difficulty and capability cross. Clear goals, immediate feedback, a challenge just above the current skill: the flow conditions, formalised into a building.",details/EDU-012.csv,5
EDU-013,A teacher who loaned you a book,EDU,"Learning, school, being taught, getting it",most,"Available to most people, given ordinary circumstances",childhood,4-12,others,Needs at least one other person,,0,*,primary,,2000,2026,5,2,0,40000,0,0,5,estimate,low,"Learning, and specifically the moment where difficulty and capability cross. Clear goals, immediate feedback, a challenge just above the current skill: the flow conditions, formalised into a building.",details/EDU-013.csv,5
EDU-014,Being taught a trade by somebody patient,EDU,"Learning, school, being taught, getting it",most,"Available to most people, given ordinary circumstances",adolescence,13-19,others,Needs at least one other person,,0,*,primary,,2000,2026,5,2,0,40000,0,0,5,estimate,low,"Learning, and specifically the moment where difficulty and capability cross. Clear goals, immediate feedback, a challenge just above the current skill: the flow conditions, formalised into a building.",details/EDU-014.csv,5
EDU-015,Night classes that you paid for yourself,EDU,"Learning, school, being taught, getting it",most,"Available to most people, given ordinary circumstances",adult,35-54,money_small,Needs a small amount of money,money,1,*,primary,,2000,2026,5,2,0,40000,0,0,5,estimate,low,"Learning, and specifically the moment where difficulty and capability cross. Clear goals, immediate feedback, a challenge just above the current skill: the flow conditions, formalised into a building.",details/EDU-015.csv,5
EDU-016,Going back to study at forty,EDU,"Learning, school, being taught, getting it",most,"Available to most people, given ordinary circumstances",midlife,45-64,institution,"Needs a school, employer, bank or state to cooperate",credential;discretion;work;school;money,5,*,primary,,2000,2026,5,2,0,40000,0,0,5,estimate,low,"Learning, and specifically the moment where difficulty and capability cross. Clear goals, immediate feedback, a challenge just above the current skill: the flow conditions, formalised into a building.",details/EDU-016.csv,5
EDU-017,Marking somebody else's work and it being good,EDU,"Learning, school, being taught, getting it",most,"Available to most people, given ordinary circumstances",adult,35-54,institution,"Needs a school, employer, bank or state to cooperate",credential;discretion;work;school;money,5,*,primary,,2000,2026,4,2,0,40000,0,0,5,estimate,low,"Learning, and specifically the moment where difficulty and capability cross. Clear goals, immediate feedback, a challenge just above the current skill: the flow conditions, formalised into a building.",details/EDU-017.csv,5
EDU-018,Getting into the place you did not expect,EDU,"Learning, school, being taught, getting it",most,"Available to most people, given ordinary circumstances",young_adult,20-34,institution,"Needs a school, employer, bank or state to cooperate",credential;discretion;work;school;money,5,*,primary,,2000,2026,5,2,0,40000,0,0,5,estimate,low,"Learning, and specifically the moment where difficulty and capability cross. Clear goals, immediate feedback, a challenge just above the current skill: the flow conditions, formalised into a building.",details/EDU-018.csv,5
EDU-019,Finishing a course nobody made you do,EDU,"Learning, school, being taught, getting it",most,"Available to most people, given ordinary circumstances",adult,35-54,time,Needs a quantity of uninterrupted time,work,1,*,primary,,2000,2026,5,2,0,40000,0,0,5,estimate,low,"Learning, and specifically the moment where difficulty and capability cross. Clear goals, immediate feedback, a challenge just above the current skill: the flow conditions, formalised into a building.",details/EDU-019.csv,5
EDU-020,Being asked to explain your own subject,EDU,"Learning, school, being taught, getting it",most,"Available to most people, given ordinary circumstances",adult,35-54,none,Needs nothing but being alive and present,,0,*,primary,,2000,2026,4,2,0,40000,0,0,5,estimate,low,"Learning, and specifically the moment where difficulty and capability cross. Clear goals, immediate feedback, a challenge just above the current skill: the flow conditions, formalised into a building.",details/EDU-020.csv,5
LRN-001,Deciding to learn a language,LRN,"Curiosity: books, ideas, the thing you looked up",most,"Available to most people, given ordinary circumstances",young_adult,20-34,time,Needs a quantity of uninterrupted time,work;power,2,*,primary,,2000,2026,4,3,0,600,30,1095,4,estimate,low,"The decision is the expensive part. Self-directed learning, chosen rather than assigned, which is the variety that reliably produces flow rather than compliance.",details/LRN-001.csv,5
LRN-002,Being embarrassingly bad at a language,LRN,"Curiosity: books, ideas, the thing you looked up",most,"Available to most people, given ordinary circumstances",any,Any age,time,Needs a quantity of uninterrupted time,work;power,2,*,primary,,2000,2026,4,3,0,600,30,1095,4,estimate,low,"The stage most people quit in. Self-directed learning, chosen rather than assigned, which is the variety that reliably produces flow rather than compliance.",details/LRN-002.csv,5
LRN-003,Finally being competent at a language,LRN,"Curiosity: books, ideas, the thing you looked up",most,"Available to most people, given ordinary circumstances",adult,35-54,time,Needs a quantity of uninterrupted time,work;power,2,*,primary,,2000,2026,5,3,0,600,30,1095,4,estimate,low,"The stage nobody photographs. Self-directed learning, chosen rather than assigned, which is the variety that reliably produces flow rather than compliance.",details/LRN-003.csv,5
LRN-004,Deciding to learn to drive,LRN,"Curiosity: books, ideas, the thing you looked up",most,"Available to most people, given ordinary circumstances",young_adult,20-34,time,Needs a quantity of uninterrupted time,work;power,2,*,primary,,2000,2026,4,3,0,600,30,1095,4,estimate,low,"The decision is the expensive part. Self-directed learning, chosen rather than assigned, which is the variety that reliably produces flow rather than compliance.",details/LRN-004.csv,5
LRN-005,Being embarrassingly bad at to drive,LRN,"Curiosity: books, ideas, the thing you looked up",most,"Available to most people, given ordinary circumstances",any,Any age,time,Needs a quantity of uninterrupted time,work;power,2,*,primary,,2000,2026,4,3,0,600,30,1095,4,estimate,low,"The stage most people quit in. Self-directed learning, chosen rather than assigned, which is the variety that reliably produces flow rather than compliance.",details/LRN-005.csv,5
LRN-006,Finally being competent at to drive,LRN,"Curiosity: books, ideas, the thing you looked up",most,"Available to most people, given ordinary circumstances",adult,35-54,time,Needs a quantity of uninterrupted time,work;power,2,*,primary,,2000,2026,5,3,0,600,30,1095,4,estimate,low,"The stage nobody photographs. Self-directed learning, chosen rather than assigned, which is the variety that reliably produces flow rather than compliance.",details/LRN-006.csv,5
LRN-007,Deciding to learn to swim,LRN,"Curiosity: books, ideas, the thing you looked up",most,"Available to most people, given ordinary circumstances",young_adult,20-34,time,Needs a quantity of uninterrupted time,work;power,2,*,primary,,2000,2026,4,3,0,600,30,1095,4,estimate,low,"The decision is the expensive part. Self-directed learning, chosen rather than assigned, which is the variety that reliably produces flow rather than compliance.",details/LRN-007.csv,5
LRN-008,Being embarrassingly bad at to swim,LRN,"Curiosity: books, ideas, the thing you looked up",most,"Available to most people, given ordinary circumstances",any,Any age,time,Needs a quantity of uninterrupted time,work;power,2,*,primary,,2000,2026,4,3,0,600,30,1095,4,estimate,low,"The stage most people quit in. Self-directed learning, chosen rather than assigned, which is the variety that reliably produces flow rather than compliance.",details/LRN-008.csv,5
LRN-009,Finally being competent at to swim,LRN,"Curiosity: books, ideas, the thing you looked up",most,"Available to most people, given ordinary circumstances",adult,35-54,time,Needs a quantity of uninterrupted time,work;power,2,*,primary,,2000,2026,5,3,0,600,30,1095,4,estimate,low,"The stage nobody photographs. Self-directed learning, chosen rather than assigned, which is the variety that reliably produces flow rather than compliance.",details/LRN-009.csv,5
LRN-010,Deciding to learn to cook properly,LRN,"Curiosity: books, ideas, the thing you looked up",most,"Available to most people, given ordinary circumstances",young_adult,20-34,time,Needs a quantity of uninterrupted time,work;power,2,*,primary,,2000,2026,4,3,0,600,30,1095,4,estimate,low,"The decision is the expensive part. Self-directed learning, chosen rather than assigned, which is the variety that reliably produces flow rather than compliance.",details/LRN-010.csv,5
LRN-011,Being embarrassingly bad at to cook properly,LRN,"Curiosity: books, ideas, the thing you looked up",most,"Available to most people, given ordinary circumstances",any,Any age,time,Needs a quantity of uninterrupted time,work;power,2,*,primary,,2000,2026,4,3,0,600,30,1095,4,estimate,low,"The stage most people quit in. Self-directed learning, chosen rather than assigned, which is the variety that reliably produces flow rather than compliance.",details/LRN-011.csv,5
LRN-012,Finally being competent at to cook properly,LRN,"Curiosity: books, ideas, the thing you looked up",most,"Available to most people, given ordinary circumstances",adult,35-54,time,Needs a quantity of uninterrupted time,work;power,2,*,primary,,2000,2026,5,3,0,600,30,1095,4,estimate,low,"The stage nobody photographs. Self-directed learning, chosen rather than assigned, which is the variety that reliably produces flow rather than compliance.",details/LRN-012.csv,5
LRN-013,Deciding to learn to sew,LRN,"Curiosity: books, ideas, the thing you looked up",most,"Available to most people, given ordinary circumstances",young_adult,20-34,time,Needs a quantity of uninterrupted time,work;power,2,*,primary,,2000,2026,4,3,0,600,30,1095,4,estimate,low,"The decision is the expensive part. Self-directed learning, chosen rather than assigned, which is the variety that reliably produces flow rather than compliance.",details/LRN-013.csv,5
LRN-014,Being embarrassingly bad at to sew,LRN,"Curiosity: books, ideas, the thing you looked up",most,"Available to most people, given ordinary circumstances",any,Any age,time,Needs a quantity of uninterrupted time,work;power,2,*,primary,,2000,2026,4,3,0,600,30,1095,4,estimate,low,"The stage most people quit in. Self-directed learning, chosen rather than assigned, which is the variety that reliably produces flow rather than compliance.",details/LRN-014.csv,5
LRN-015,Finally being competent at to sew,LRN,"Curiosity: books, ideas, the thing you looked up",most,"Available to most people, given ordinary circumstances",adult,35-54,time,Needs a quantity of uninterrupted time,work;power,2,*,primary,,2000,2026,5,3,0,600,30,1095,4,estimate,low,"The stage nobody photographs. Self-directed learning, chosen rather than assigned, which is the variety that reliably produces flow rather than compliance.",details/LRN-015.csv,5
LRN-016,Deciding to learn to fix a bicycle,LRN,"Curiosity: books, ideas, the thing you looked up",most,"Available to most people, given ordinary circumstances",young_adult,20-34,time,Needs a quantity of uninterrupted time,work;power,2,*,primary,,2000,2026,4,3,0,600,30,1095,4,estimate,low,"The decision is the expensive part. Self-directed learning, chosen rather than assigned, which is the variety that reliably produces flow rather than compliance.",details/LRN-016.csv,5
LRN-017,Being embarrassingly bad at to fix a bicycle,LRN,"Curiosity: books, ideas, the thing you looked up",most,"Available to most people, given ordinary circumstances",any,Any age,time,Needs a quantity of uninterrupted time,work;power,2,*,primary,,2000,2026,4,3,0,600,30,1095,4,estimate,low,"The stage most people quit in. Self-directed learning, chosen rather than assigned, which is the variety that reliably produces flow rather than compliance.",details/LRN-017.csv,5
LRN-018,Finally being competent at to fix a bicycle,LRN,"Curiosity: books, ideas, the thing you looked up",most,"Available to most people, given ordinary circumstances",adult,35-54,time,Needs a quantity of uninterrupted time,work;power,2,*,primary,,2000,2026,5,3,0,600,30,1095,4,estimate,low,"The stage nobody photographs. Self-directed learning, chosen rather than assigned, which is the variety that reliably produces flow rather than compliance.",details/LRN-018.csv,5
LRN-019,Deciding to learn to type fast,LRN,"Curiosity: books, ideas, the thing you looked up",most,"Available to most people, given ordinary circumstances",young_adult,20-34,time,Needs a quantity of uninterrupted time,work;power,2,*,primary,,2000,2026,4,3,0,600,30,1095,4,estimate,low,"The decision is the expensive part. Self-directed learning, chosen rather than assigned, which is the variety that reliably produces flow rather than compliance.",details/LRN-019.csv,5
LRN-020,Being embarrassingly bad at to type fast,LRN,"Curiosity: books, ideas, the thing you looked up",most,"Available to most people, given ordinary circumstances",any,Any age,time,Needs a quantity of uninterrupted time,work;power,2,*,primary,,2000,2026,4,3,0,600,30,1095,4,estimate,low,"The stage most people quit in. Self-directed learning, chosen rather than assigned, which is the variety that reliably produces flow rather than compliance.",details/LRN-020.csv,5
LRN-021,Finally being competent at to type fast,LRN,"Curiosity: books, ideas, the thing you looked up",most,"Available to most people, given ordinary circumstances",adult,35-54,time,Needs a quantity of uninterrupted time,work;power,2,*,primary,,2000,2026,5,3,0,600,30,1095,4,estimate,low,"The stage nobody photographs. Self-directed learning, chosen rather than assigned, which is the variety that reliably produces flow rather than compliance.",details/LRN-021.csv,5
LRN-022,Deciding to learn to sing in tune,LRN,"Curiosity: books, ideas, the thing you looked up",most,"Available to most people, given ordinary circumstances",young_adult,20-34,time,Needs a quantity of uninterrupted time,work;power,2,*,primary,,2000,2026,4,3,0,600,30,1095,4,estimate,low,"The decision is the expensive part. Self-directed learning, chosen rather than assigned, which is the variety that reliably produces flow rather than compliance.",details/LRN-022.csv,5
LRN-023,Being embarrassingly bad at to sing in tune,LRN,"Curiosity: books, ideas, the thing you looked up",most,"Available to most people, given ordinary circumstances",any,Any age,time,Needs a quantity of uninterrupted time,work;power,2,*,primary,,2000,2026,4,3,0,600,30,1095,4,estimate,low,"The stage most people quit in. Self-directed learning, chosen rather than assigned, which is the variety that reliably produces flow rather than compliance.",details/LRN-023.csv,5
LRN-024,Finally being competent at to sing in tune,LRN,"Curiosity: books, ideas, the thing you looked up",most,"Available to most people, given ordinary circumstances",adult,35-54,time,Needs a quantity of uninterrupted time,work;power,2,*,primary,,2000,2026,5,3,0,600,30,1095,4,estimate,low,"The stage nobody photographs. Self-directed learning, chosen rather than assigned, which is the variety that reliably produces flow rather than compliance.",details/LRN-024.csv,5
LRN-025,Deciding to learn to read music,LRN,"Curiosity: books, ideas, the thing you looked up",most,"Available to most people, given ordinary circumstances",young_adult,20-34,time,Needs a quantity of uninterrupted time,work;power,2,*,primary,,2000,2026,4,3,0,600,30,1095,4,estimate,low,"The decision is the expensive part. Self-directed learning, chosen rather than assigned, which is the variety that reliably produces flow rather than compliance.",details/LRN-025.csv,5
LRN-026,Being embarrassingly bad at to read music,LRN,"Curiosity: books, ideas, the thing you looked up",most,"Available to most people, given ordinary circumstances",any,Any age,time,Needs a quantity of uninterrupted time,work;power,2,*,primary,,2000,2026,4,3,0,600,30,1095,4,estimate,low,"The stage most people quit in. Self-directed learning, chosen rather than assigned, which is the variety that reliably produces flow rather than compliance.",details/LRN-026.csv,5
LRN-027,Finally being competent at to read music,LRN,"Curiosity: books, ideas, the thing you looked up",most,"Available to most people, given ordinary circumstances",adult,35-54,time,Needs a quantity of uninterrupted time,work;power,2,*,primary,,2000,2026,5,3,0,600,30,1095,4,estimate,low,"The stage nobody photographs. Self-directed learning, chosen rather than assigned, which is the variety that reliably produces flow rather than compliance.",details/LRN-027.csv,5
LRN-028,Deciding to learn to code,LRN,"Curiosity: books, ideas, the thing you looked up",most,"Available to most people, given ordinary circumstances",young_adult,20-34,time,Needs a quantity of uninterrupted time,work;power,2,*,primary,,2000,2026,4,3,0,600,30,1095,4,estimate,low,"The decision is the expensive part. Self-directed learning, chosen rather than assigned, which is the variety that reliably produces flow rather than compliance.",details/LRN-028.csv,5
LRN-029,Being embarrassingly bad at to code,LRN,"Curiosity: books, ideas, the thing you looked up",most,"Available to most people, given ordinary circumstances",any,Any age,time,Needs a quantity of uninterrupted time,work;power,2,*,primary,,2000,2026,4,3,0,600,30,1095,4,estimate,low,"The stage most people quit in. Self-directed learning, chosen rather than assigned, which is the variety that reliably produces flow rather than compliance.",details/LRN-029.csv,5
LRN-030,Finally being competent at to code,LRN,"Curiosity: books, ideas, the thing you looked up",most,"Available to most people, given ordinary circumstances",adult,35-54,time,Needs a quantity of uninterrupted time,work;power,2,*,primary,,2000,2026,5,3,0,600,30,1095,4,estimate,low,"The stage nobody photographs. Self-directed learning, chosen rather than assigned, which is the variety that reliably produces flow rather than compliance.",details/LRN-030.csv,5
LRN-031,Deciding to learn to do accounts,LRN,"Curiosity: books, ideas, the thing you looked up",most,"Available to most people, given ordinary circumstances",young_adult,20-34,time,Needs a quantity of uninterrupted time,work;power,2,*,primary,,2000,2026,4,3,0,600,30,1095,4,estimate,low,"The decision is the expensive part. Self-directed learning, chosen rather than assigned, which is the variety that reliably produces flow rather than compliance.",details/LRN-031.csv,5
LRN-032,Being embarrassingly bad at to do accounts,LRN,"Curiosity: books, ideas, the thing you looked up",most,"Available to most people, given ordinary circumstances",any,Any age,time,Needs a quantity of uninterrupted time,work;power,2,*,primary,,2000,2026,4,3,0,600,30,1095,4,estimate,low,"The stage most people quit in. Self-directed learning, chosen rather than assigned, which is the variety that reliably produces flow rather than compliance.",details/LRN-032.csv,5
LRN-033,Finally being competent at to do accounts,LRN,"Curiosity: books, ideas, the thing you looked up",most,"Available to most people, given ordinary circumstances",adult,35-54,time,Needs a quantity of uninterrupted time,work;power,2,*,primary,,2000,2026,5,3,0,600,30,1095,4,estimate,low,"The stage nobody photographs. Self-directed learning, chosen rather than assigned, which is the variety that reliably produces flow rather than compliance.",details/LRN-033.csv,5
LRN-034,Deciding to learn to cut hair,LRN,"Curiosity: books, ideas, the thing you looked up",most,"Available to most people, given ordinary circumstances",young_adult,20-34,time,Needs a quantity of uninterrupted time,work;power,2,*,primary,,2000,2026,4,3,0,600,30,1095,4,estimate,low,"The decision is the expensive part. Self-directed learning, chosen rather than assigned, which is the variety that reliably produces flow rather than compliance.",details/LRN-034.csv,5
LRN-035,Being embarrassingly bad at to cut hair,LRN,"Curiosity: books, ideas, the thing you looked up",most,"Available to most people, given ordinary circumstances",any,Any age,time,Needs a quantity of uninterrupted time,work;power,2,*,primary,,2000,2026,4,3,0,600,30,1095,4,estimate,low,"The stage most people quit in. Self-directed learning, chosen rather than assigned, which is the variety that reliably produces flow rather than compliance.",details/LRN-035.csv,5
LRN-036,Finally being competent at to cut hair,LRN,"Curiosity: books, ideas, the thing you looked up",most,"Available to most people, given ordinary circumstances",adult,35-54,time,Needs a quantity of uninterrupted time,work;power,2,*,primary,,2000,2026,5,3,0,600,30,1095,4,estimate,low,"The stage nobody photographs. Self-directed learning, chosen rather than assigned, which is the variety that reliably produces flow rather than compliance.",details/LRN-036.csv,5
LRN-037,Deciding to learn to take a photograph,LRN,"Curiosity: books, ideas, the thing you looked up",most,"Available to most people, given ordinary circumstances",young_adult,20-34,time,Needs a quantity of uninterrupted time,work;power,2,*,primary,,2000,2026,4,3,0,600,30,1095,4,estimate,low,"The decision is the expensive part. Self-directed learning, chosen rather than assigned, which is the variety that reliably produces flow rather than compliance.",details/LRN-037.csv,5
LRN-038,Being embarrassingly bad at to take a photograph,LRN,"Curiosity: books, ideas, the thing you looked up",most,"Available to most people, given ordinary circumstances",any,Any age,time,Needs a quantity of uninterrupted time,work;power,2,*,primary,,2000,2026,4,3,0,600,30,1095,4,estimate,low,"The stage most people quit in. Self-directed learning, chosen rather than assigned, which is the variety that reliably produces flow rather than compliance.",details/LRN-038.csv,5
LRN-039,Finally being competent at to take a photograph,LRN,"Curiosity: books, ideas, the thing you looked up",most,"Available to most people, given ordinary circumstances",adult,35-54,time,Needs a quantity of uninterrupted time,work;power,2,*,primary,,2000,2026,5,3,0,600,30,1095,4,estimate,low,"The stage nobody photographs. Self-directed learning, chosen rather than assigned, which is the variety that reliably produces flow rather than compliance.",details/LRN-039.csv,5
LRN-040,Deciding to learn to grow vegetables,LRN,"Curiosity: books, ideas, the thing you looked up",most,"Available to most people, given ordinary circumstances",young_adult,20-34,time,Needs a quantity of uninterrupted time,work;power,2,*,primary,,2000,2026,4,3,0,600,30,1095,4,estimate,low,"The decision is the expensive part. Self-directed learning, chosen rather than assigned, which is the variety that reliably produces flow rather than compliance.",details/LRN-040.csv,5
LRN-041,Being embarrassingly bad at to grow vegetables,LRN,"Curiosity: books, ideas, the thing you looked up",most,"Available to most people, given ordinary circumstances",any,Any age,time,Needs a quantity of uninterrupted time,work;power,2,*,primary,,2000,2026,4,3,0,600,30,1095,4,estimate,low,"The stage most people quit in. Self-directed learning, chosen rather than assigned, which is the variety that reliably produces flow rather than compliance.",details/LRN-041.csv,5
LRN-042,Finally being competent at to grow vegetables,LRN,"Curiosity: books, ideas, the thing you looked up",most,"Available to most people, given ordinary circumstances",adult,35-54,time,Needs a quantity of uninterrupted time,work;power,2,*,primary,,2000,2026,5,3,0,600,30,1095,4,estimate,low,"The stage nobody photographs. Self-directed learning, chosen rather than assigned, which is the variety that reliably produces flow rather than compliance.",details/LRN-042.csv,5
LRN-043,Deciding to learn to keep bees,LRN,"Curiosity: books, ideas, the thing you looked up",most,"Available to most people, given ordinary circumstances",young_adult,20-34,time,Needs a quantity of uninterrupted time,work;power,2,*,primary,,2000,2026,4,3,0,600,30,1095,4,estimate,low,"The decision is the expensive part. Self-directed learning, chosen rather than assigned, which is the variety that reliably produces flow rather than compliance.",details/LRN-043.csv,5
LRN-044,Being embarrassingly bad at to keep bees,LRN,"Curiosity: books, ideas, the thing you looked up",most,"Available to most people, given ordinary circumstances",any,Any age,time,Needs a quantity of uninterrupted time,work;power,2,*,primary,,2000,2026,4,3,0,600,30,1095,4,estimate,low,"The stage most people quit in. Self-directed learning, chosen rather than assigned, which is the variety that reliably produces flow rather than compliance.",details/LRN-044.csv,5
LRN-045,Finally being competent at to keep bees,LRN,"Curiosity: books, ideas, the thing you looked up",most,"Available to most people, given ordinary circumstances",adult,35-54,time,Needs a quantity of uninterrupted time,work;power,2,*,primary,,2000,2026,5,3,0,600,30,1095,4,estimate,low,"The stage nobody photographs. Self-directed learning, chosen rather than assigned, which is the variety that reliably produces flow rather than compliance.",details/LRN-045.csv,5
LRN-046,Deciding to learn to make bread,LRN,"Curiosity: books, ideas, the thing you looked up",most,"Available to most people, given ordinary circumstances",young_adult,20-34,time,Needs a quantity of uninterrupted time,work;power,2,*,primary,,2000,2026,4,3,0,600,30,1095,4,estimate,low,"The decision is the expensive part. Self-directed learning, chosen rather than assigned, which is the variety that reliably produces flow rather than compliance.",details/LRN-046.csv,5
LRN-047,Being embarrassingly bad at to make bread,LRN,"Curiosity: books, ideas, the thing you looked up",most,"Available to most people, given ordinary circumstances",any,Any age,time,Needs a quantity of uninterrupted time,work;power,2,*,primary,,2000,2026,4,3,0,600,30,1095,4,estimate,low,"The stage most people quit in. Self-directed learning, chosen rather than assigned, which is the variety that reliably produces flow rather than compliance.",details/LRN-047.csv,5
LRN-048,Finally being competent at to make bread,LRN,"Curiosity: books, ideas, the thing you looked up",most,"Available to most people, given ordinary circumstances",adult,35-54,time,Needs a quantity of uninterrupted time,work;power,2,*,primary,,2000,2026,5,3,0,600,30,1095,4,estimate,low,"The stage nobody photographs. Self-directed learning, chosen rather than assigned, which is the variety that reliably produces flow rather than compliance.",details/LRN-048.csv,5
LRN-049,Deciding to learn to weld,LRN,"Curiosity: books, ideas, the thing you looked up",most,"Available to most people, given ordinary circumstances",young_adult,20-34,time,Needs a quantity of uninterrupted time,work;power,2,*,primary,,2000,2026,4,3,0,600,30,1095,4,estimate,low,"The decision is the expensive part. Self-directed learning, chosen rather than assigned, which is the variety that reliably produces flow rather than compliance.",details/LRN-049.csv,5
LRN-050,Being embarrassingly bad at to weld,LRN,"Curiosity: books, ideas, the thing you looked up",most,"Available to most people, given ordinary circumstances",any,Any age,time,Needs a quantity of uninterrupted time,work;power,2,*,primary,,2000,2026,4,3,0,600,30,1095,4,estimate,low,"The stage most people quit in. Self-directed learning, chosen rather than assigned, which is the variety that reliably produces flow rather than compliance.",details/LRN-050.csv,5
LRN-051,Finally being competent at to weld,LRN,"Curiosity: books, ideas, the thing you looked up",most,"Available to most people, given ordinary circumstances",adult,35-54,time,Needs a quantity of uninterrupted time,work;power,2,*,primary,,2000,2026,5,3,0,600,30,1095,4,estimate,low,"The stage nobody photographs. Self-directed learning, chosen rather than assigned, which is the variety that reliably produces flow rather than compliance.",details/LRN-051.csv,5
LRN-052,Deciding to learn to plaster a wall,LRN,"Curiosity: books, ideas, the thing you looked up",most,"Available to most people, given ordinary circumstances",young_adult,20-34,time,Needs a quantity of uninterrupted time,work;power,2,*,primary,,2000,2026,4,3,0,600,30,1095,4,estimate,low,"The decision is the expensive part. Self-directed learning, chosen rather than assigned, which is the variety that reliably produces flow rather than compliance.",details/LRN-052.csv,5
LRN-053,Being embarrassingly bad at to plaster a wall,LRN,"Curiosity: books, ideas, the thing you looked up",most,"Available to most people, given ordinary circumstances",any,Any age,time,Needs a quantity of uninterrupted time,work;power,2,*,primary,,2000,2026,4,3,0,600,30,1095,4,estimate,low,"The stage most people quit in. Self-directed learning, chosen rather than assigned, which is the variety that reliably produces flow rather than compliance.",details/LRN-053.csv,5
LRN-054,Finally being competent at to plaster a wall,LRN,"Curiosity: books, ideas, the thing you looked up",most,"Available to most people, given ordinary circumstances",adult,35-54,time,Needs a quantity of uninterrupted time,work;power,2,*,primary,,2000,2026,5,3,0,600,30,1095,4,estimate,low,"The stage nobody photographs. Self-directed learning, chosen rather than assigned, which is the variety that reliably produces flow rather than compliance.",details/LRN-054.csv,5
LRN-055,Deciding to learn to negotiate,LRN,"Curiosity: books, ideas, the thing you looked up",most,"Available to most people, given ordinary circumstances",young_adult,20-34,time,Needs a quantity of uninterrupted time,work;power,2,*,primary,,2000,2026,4,3,0,600,30,1095,4,estimate,low,"The decision is the expensive part. Self-directed learning, chosen rather than assigned, which is the variety that reliably produces flow rather than compliance.",details/LRN-055.csv,5
LRN-056,Being embarrassingly bad at to negotiate,LRN,"Curiosity: books, ideas, the thing you looked up",most,"Available to most people, given ordinary circumstances",any,Any age,time,Needs a quantity of uninterrupted time,work;power,2,*,primary,,2000,2026,4,3,0,600,30,1095,4,estimate,low,"The stage most people quit in. Self-directed learning, chosen rather than assigned, which is the variety that reliably produces flow rather than compliance.",details/LRN-056.csv,5
LRN-057,Finally being competent at to negotiate,LRN,"Curiosity: books, ideas, the thing you looked up",most,"Available to most people, given ordinary circumstances",adult,35-54,time,Needs a quantity of uninterrupted time,work;power,2,*,primary,,2000,2026,5,3,0,600,30,1095,4,estimate,low,"The stage nobody photographs. Self-directed learning, chosen rather than assigned, which is the variety that reliably produces flow rather than compliance.",details/LRN-057.csv,5
LRN-058,Deciding to learn to speak in public,LRN,"Curiosity: books, ideas, the thing you looked up",most,"Available to most people, given ordinary circumstances",young_adult,20-34,time,Needs a quantity of uninterrupted time,work;power,2,*,primary,,2000,2026,4,3,0,600,30,1095,4,estimate,low,"The decision is the expensive part. Self-directed learning, chosen rather than assigned, which is the variety that reliably produces flow rather than compliance.",details/LRN-058.csv,5
LRN-059,Being embarrassingly bad at to speak in public,LRN,"Curiosity: books, ideas, the thing you looked up",most,"Available to most people, given ordinary circumstances",any,Any age,time,Needs a quantity of uninterrupted time,work;power,2,*,primary,,2000,2026,4,3,0,600,30,1095,4,estimate,low,"The stage most people quit in. Self-directed learning, chosen rather than assigned, which is the variety that reliably produces flow rather than compliance.",details/LRN-059.csv,5
LRN-060,Finally being competent at to speak in public,LRN,"Curiosity: books, ideas, the thing you looked up",most,"Available to most people, given ordinary circumstances",adult,35-54,time,Needs a quantity of uninterrupted time,work;power,2,*,primary,,2000,2026,5,3,0,600,30,1095,4,estimate,low,"The stage nobody photographs. Self-directed learning, chosen rather than assigned, which is the variety that reliably produces flow rather than compliance.",details/LRN-060.csv,5
LRN-061,Deciding to learn to swim far,LRN,"Curiosity: books, ideas, the thing you looked up",most,"Available to most people, given ordinary circumstances",young_adult,20-34,time,Needs a quantity of uninterrupted time,work;power,2,*,primary,,2000,2026,4,3,0,600,30,1095,4,estimate,low,"The decision is the expensive part. Self-directed learning, chosen rather than assigned, which is the variety that reliably produces flow rather than compliance.",details/LRN-061.csv,5
LRN-062,Being embarrassingly bad at to swim far,LRN,"Curiosity: books, ideas, the thing you looked up",most,"Available to most people, given ordinary circumstances",any,Any age,time,Needs a quantity of uninterrupted time,work;power,2,*,primary,,2000,2026,4,3,0,600,30,1095,4,estimate,low,"The stage most people quit in. Self-directed learning, chosen rather than assigned, which is the variety that reliably produces flow rather than compliance.",details/LRN-062.csv,5
LRN-063,Finally being competent at to swim far,LRN,"Curiosity: books, ideas, the thing you looked up",most,"Available to most people, given ordinary circumstances",adult,35-54,time,Needs a quantity of uninterrupted time,work;power,2,*,primary,,2000,2026,5,3,0,600,30,1095,4,estimate,low,"The stage nobody photographs. Self-directed learning, chosen rather than assigned, which is the variety that reliably produces flow rather than compliance.",details/LRN-063.csv,5
LRN-064,Deciding to learn to play chess properly,LRN,"Curiosity: books, ideas, the thing you looked up",most,"Available to most people, given ordinary circumstances",young_adult,20-34,time,Needs a quantity of uninterrupted time,work;power,2,*,primary,,2000,2026,4,3,0,600,30,1095,4,estimate,low,"The decision is the expensive part. Self-directed learning, chosen rather than assigned, which is the variety that reliably produces flow rather than compliance.",details/LRN-064.csv,5
LRN-065,Being embarrassingly bad at to play chess properly,LRN,"Curiosity: books, ideas, the thing you looked up",most,"Available to most people, given ordinary circumstances",any,Any age,time,Needs a quantity of uninterrupted time,work;power,2,*,primary,,2000,2026,4,3,0,600,30,1095,4,estimate,low,"The stage most people quit in. Self-directed learning, chosen rather than assigned, which is the variety that reliably produces flow rather than compliance.",details/LRN-065.csv,5
LRN-066,Finally being competent at to play chess properly,LRN,"Curiosity: books, ideas, the thing you looked up",most,"Available to most people, given ordinary circumstances",adult,35-54,time,Needs a quantity of uninterrupted time,work;power,2,*,primary,,2000,2026,5,3,0,600,30,1095,4,estimate,low,"The stage nobody photographs. Self-directed learning, chosen rather than assigned, which is the variety that reliably produces flow rather than compliance.",details/LRN-066.csv,5
LRN-067,Deciding to learn to identify birds,LRN,"Curiosity: books, ideas, the thing you looked up",most,"Available to most people, given ordinary circumstances",young_adult,20-34,time,Needs a quantity of uninterrupted time,work;power,2,*,primary,,2000,2026,4,3,0,600,30,1095,4,estimate,low,"The decision is the expensive part. Self-directed learning, chosen rather than assigned, which is the variety that reliably produces flow rather than compliance.",details/LRN-067.csv,5
LRN-068,Being embarrassingly bad at to identify birds,LRN,"Curiosity: books, ideas, the thing you looked up",most,"Available to most people, given ordinary circumstances",any,Any age,time,Needs a quantity of uninterrupted time,work;power,2,*,primary,,2000,2026,4,3,0,600,30,1095,4,estimate,low,"The stage most people quit in. Self-directed learning, chosen rather than assigned, which is the variety that reliably produces flow rather than compliance.",details/LRN-068.csv,5
LRN-069,Finally being competent at to identify birds,LRN,"Curiosity: books, ideas, the thing you looked up",most,"Available to most people, given ordinary circumstances",adult,35-54,time,Needs a quantity of uninterrupted time,work;power,2,*,primary,,2000,2026,5,3,0,600,30,1095,4,estimate,low,"The stage nobody photographs. Self-directed learning, chosen rather than assigned, which is the variety that reliably produces flow rather than compliance.",details/LRN-069.csv,5
LRN-070,Deciding to learn to navigate by map,LRN,"Curiosity: books, ideas, the thing you looked up",most,"Available to most people, given ordinary circumstances",young_adult,20-34,time,Needs a quantity of uninterrupted time,work;power,2,*,primary,,2000,2026,4,3,0,600,30,1095,4,estimate,low,"The decision is the expensive part. Self-directed learning, chosen rather than assigned, which is the variety that reliably produces flow rather than compliance.",details/LRN-070.csv,5
LRN-071,Being embarrassingly bad at to navigate by map,LRN,"Curiosity: books, ideas, the thing you looked up",most,"Available to most people, given ordinary circumstances",any,Any age,time,Needs a quantity of uninterrupted time,work;power,2,*,primary,,2000,2026,4,3,0,600,30,1095,4,estimate,low,"The stage most people quit in. Self-directed learning, chosen rather than assigned, which is the variety that reliably produces flow rather than compliance.",details/LRN-071.csv,5
LRN-072,Finally being competent at to navigate by map,LRN,"Curiosity: books, ideas, the thing you looked up",most,"Available to most people, given ordinary circumstances",adult,35-54,time,Needs a quantity of uninterrupted time,work;power,2,*,primary,,2000,2026,5,3,0,600,30,1095,4,estimate,low,"The stage nobody photographs. Self-directed learning, chosen rather than assigned, which is the variety that reliably produces flow rather than compliance.",details/LRN-072.csv,5
LRN-073,Deciding to learn to repair clothes,LRN,"Curiosity: books, ideas, the thing you looked up",most,"Available to most people, given ordinary circumstances",young_adult,20-34,time,Needs a quantity of uninterrupted time,work;power,2,*,primary,,2000,2026,4,3,0,600,30,1095,4,estimate,low,"The decision is the expensive part. Self-directed learning, chosen rather than assigned, which is the variety that reliably produces flow rather than compliance.",details/LRN-073.csv,5
LRN-074,Being embarrassingly bad at to repair clothes,LRN,"Curiosity: books, ideas, the thing you looked up",most,"Available to most people, given ordinary circumstances",any,Any age,time,Needs a quantity of uninterrupted time,work;power,2,*,primary,,2000,2026,4,3,0,600,30,1095,4,estimate,low,"The stage most people quit in. Self-directed learning, chosen rather than assigned, which is the variety that reliably produces flow rather than compliance.",details/LRN-074.csv,5
LRN-075,Finally being competent at to repair clothes,LRN,"Curiosity: books, ideas, the thing you looked up",most,"Available to most people, given ordinary circumstances",adult,35-54,time,Needs a quantity of uninterrupted time,work;power,2,*,primary,,2000,2026,5,3,0,600,30,1095,4,estimate,low,"The stage nobody photographs. Self-directed learning, chosen rather than assigned, which is the variety that reliably produces flow rather than compliance.",details/LRN-075.csv,5
LRN-076,Deciding to learn to make coffee well,LRN,"Curiosity: books, ideas, the thing you looked up",most,"Available to most people, given ordinary circumstances",young_adult,20-34,time,Needs a quantity of uninterrupted time,work;power,2,*,primary,,2000,2026,4,3,0,600,30,1095,4,estimate,low,"The decision is the expensive part. Self-directed learning, chosen rather than assigned, which is the variety that reliably produces flow rather than compliance.",details/LRN-076.csv,5
LRN-077,Being embarrassingly bad at to make coffee well,LRN,"Curiosity: books, ideas, the thing you looked up",most,"Available to most people, given ordinary circumstances",any,Any age,time,Needs a quantity of uninterrupted time,work;power,2,*,primary,,2000,2026,4,3,0,600,30,1095,4,estimate,low,"The stage most people quit in. Self-directed learning, chosen rather than assigned, which is the variety that reliably produces flow rather than compliance.",details/LRN-077.csv,5
LRN-078,Finally being competent at to make coffee well,LRN,"Curiosity: books, ideas, the thing you looked up",most,"Available to most people, given ordinary circumstances",adult,35-54,time,Needs a quantity of uninterrupted time,work;power,2,*,primary,,2000,2026,5,3,0,600,30,1095,4,estimate,low,"The stage nobody photographs. Self-directed learning, chosen rather than assigned, which is the variety that reliably produces flow rather than compliance.",details/LRN-078.csv,5
LRN-079,Deciding to learn to butcher,LRN,"Curiosity: books, ideas, the thing you looked up",most,"Available to most people, given ordinary circumstances",young_adult,20-34,time,Needs a quantity of uninterrupted time,work;power,2,*,primary,,2000,2026,4,3,0,600,30,1095,4,estimate,low,"The decision is the expensive part. Self-directed learning, chosen rather than assigned, which is the variety that reliably produces flow rather than compliance.",details/LRN-079.csv,5
LRN-080,Being embarrassingly bad at to butcher,LRN,"Curiosity: books, ideas, the thing you looked up",most,"Available to most people, given ordinary circumstances",any,Any age,time,Needs a quantity of uninterrupted time,work;power,2,*,primary,,2000,2026,4,3,0,600,30,1095,4,estimate,low,"The stage most people quit in. Self-directed learning, chosen rather than assigned, which is the variety that reliably produces flow rather than compliance.",details/LRN-080.csv,5
LRN-081,Finally being competent at to butcher,LRN,"Curiosity: books, ideas, the thing you looked up",most,"Available to most people, given ordinary circumstances",adult,35-54,time,Needs a quantity of uninterrupted time,work;power,2,*,primary,,2000,2026,5,3,0,600,30,1095,4,estimate,low,"The stage nobody photographs. Self-directed learning, chosen rather than assigned, which is the variety that reliably produces flow rather than compliance.",details/LRN-081.csv,5
LRN-082,Deciding to learn to tile,LRN,"Curiosity: books, ideas, the thing you looked up",most,"Available to most people, given ordinary circumstances",young_adult,20-34,time,Needs a quantity of uninterrupted time,work;power,2,*,primary,,2000,2026,4,3,0,600,30,1095,4,estimate,low,"The decision is the expensive part. Self-directed learning, chosen rather than assigned, which is the variety that reliably produces flow rather than compliance.",details/LRN-082.csv,5
LRN-083,Being embarrassingly bad at to tile,LRN,"Curiosity: books, ideas, the thing you looked up",most,"Available to most people, given ordinary circumstances",any,Any age,time,Needs a quantity of uninterrupted time,work;power,2,*,primary,,2000,2026,4,3,0,600,30,1095,4,estimate,low,"The stage most people quit in. Self-directed learning, chosen rather than assigned, which is the variety that reliably produces flow rather than compliance.",details/LRN-083.csv,5
LRN-084,Finally being competent at to tile,LRN,"Curiosity: books, ideas, the thing you looked up",most,"Available to most people, given ordinary circumstances",adult,35-54,time,Needs a quantity of uninterrupted time,work;power,2,*,primary,,2000,2026,5,3,0,600,30,1095,4,estimate,low,"The stage nobody photographs. Self-directed learning, chosen rather than assigned, which is the variety that reliably produces flow rather than compliance.",details/LRN-084.csv,5
LRN-085,Deciding to learn to drive a motorcycle,LRN,"Curiosity: books, ideas, the thing you looked up",most,"Available to most people, given ordinary circumstances",young_adult,20-34,time,Needs a quantity of uninterrupted time,work;power,2,*,primary,,2000,2026,4,3,0,600,30,1095,4,estimate,low,"The decision is the expensive part. Self-directed learning, chosen rather than assigned, which is the variety that reliably produces flow rather than compliance.",details/LRN-085.csv,5
LRN-086,Being embarrassingly bad at to drive a motorcycle,LRN,"Curiosity: books, ideas, the thing you looked up",most,"Available to most people, given ordinary circumstances",any,Any age,time,Needs a quantity of uninterrupted time,work;power,2,*,primary,,2000,2026,4,3,0,600,30,1095,4,estimate,low,"The stage most people quit in. Self-directed learning, chosen rather than assigned, which is the variety that reliably produces flow rather than compliance.",details/LRN-086.csv,5
LRN-087,Finally being competent at to drive a motorcycle,LRN,"Curiosity: books, ideas, the thing you looked up",most,"Available to most people, given ordinary circumstances",adult,35-54,time,Needs a quantity of uninterrupted time,work;power,2,*,primary,,2000,2026,5,3,0,600,30,1095,4,estimate,low,"The stage nobody photographs. Self-directed learning, chosen rather than assigned, which is the variety that reliably produces flow rather than compliance.",details/LRN-087.csv,5
LRN-088,Deciding to learn to do first aid,LRN,"Curiosity: books, ideas, the thing you looked up",most,"Available to most people, given ordinary circumstances",young_adult,20-34,time,Needs a quantity of uninterrupted time,work;power,2,*,primary,,2000,2026,4,3,0,600,30,1095,4,estimate,low,"The decision is the expensive part. Self-directed learning, chosen rather than assigned, which is the variety that reliably produces flow rather than compliance.",details/LRN-088.csv,5
LRN-089,Being embarrassingly bad at to do first aid,LRN,"Curiosity: books, ideas, the thing you looked up",most,"Available to most people, given ordinary circumstances",any,Any age,time,Needs a quantity of uninterrupted time,work;power,2,*,primary,,2000,2026,4,3,0,600,30,1095,4,estimate,low,"The stage most people quit in. Self-directed learning, chosen rather than assigned, which is the variety that reliably produces flow rather than compliance.",details/LRN-089.csv,5
LRN-090,Finally being competent at to do first aid,LRN,"Curiosity: books, ideas, the thing you looked up",most,"Available to most people, given ordinary circumstances",adult,35-54,time,Needs a quantity of uninterrupted time,work;power,2,*,primary,,2000,2026,5,3,0,600,30,1095,4,estimate,low,"The stage nobody photographs. Self-directed learning, chosen rather than assigned, which is the variety that reliably produces flow rather than compliance.",details/LRN-090.csv,5
WRK-001,The first pay for work you did yourself,WRK,"Work, craft, vocation and the job done well",most,"Available to most people, given ordinary circumstances",adolescence,13-19,institution,"Needs a school, employer, bank or state to cooperate",credential;discretion;work,3,*,primary,,2000,2026,5,3,0,20000,0,0,4,estimate,low,Work as a good rather than a cost. Csikszentmihalyi's least convenient finding was that flow occurs more often at work than in free time - people are absorbed on the job and passive off it.,details/WRK-001.csv,5
WRK-002,A job you got on merit and knew it,WRK,"Work, craft, vocation and the job done well",most,"Available to most people, given ordinary circumstances",young_adult,20-34,institution,"Needs a school, employer, bank or state to cooperate",credential;discretion;work,3,*,primary,,2000,2026,5,3,0,20000,0,0,4,estimate,low,Work as a good rather than a cost. Csikszentmihalyi's least convenient finding was that flow occurs more often at work than in free time - people are absorbed on the job and passive off it.,details/WRK-002.csv,5
WRK-003,Finishing something difficult on time,WRK,"Work, craft, vocation and the job done well",most,"Available to most people, given ordinary circumstances",adult,35-54,time,Needs a quantity of uninterrupted time,work,1,*,primary,,2000,2026,5,3,0,20000,0,0,4,estimate,low,Work as a good rather than a cost. Csikszentmihalyi's least convenient finding was that flow occurs more often at work than in free time - people are absorbed on the job and passive off it.,details/WRK-003.csv,5
WRK-004,A colleague saying the specific useful thing,WRK,"Work, craft, vocation and the job done well",most,"Available to most people, given ordinary circumstances",adult,35-54,others,Needs at least one other person,,0,*,primary,,2000,2026,4,3,0,20000,0,0,4,estimate,low,Work as a good rather than a cost. Csikszentmihalyi's least convenient finding was that flow occurs more often at work than in free time - people are absorbed on the job and passive off it.,details/WRK-004.csv,5
WRK-005,Being trusted with something above your level,WRK,"Work, craft, vocation and the job done well",most,"Available to most people, given ordinary circumstances",young_adult,20-34,institution,"Needs a school, employer, bank or state to cooperate",credential;discretion;work,3,*,primary,,2000,2026,5,3,0,20000,0,0,4,estimate,low,Work as a good rather than a cost. Csikszentmihalyi's least convenient finding was that flow occurs more often at work than in free time - people are absorbed on the job and passive off it.,details/WRK-005.csv,5
WRK-006,The day the thing you built worked,WRK,"Work, craft, vocation and the job done well",most,"Available to most people, given ordinary circumstances",adult,35-54,time,Needs a quantity of uninterrupted time,work,1,*,primary,,2000,2026,5,3,0,20000,0,0,4,estimate,low,Work as a good rather than a cost. Csikszentmihalyi's least convenient finding was that flow occurs more often at work than in free time - people are absorbed on the job and passive off it.,details/WRK-006.csv,5
WRK-007,Training somebody who then overtakes you,WRK,"Work, craft, vocation and the job done well",most,"Available to most people, given ordinary circumstances",midlife,45-64,others,Needs at least one other person,,0,*,primary,,2000,2026,5,3,0,20000,0,0,4,estimate,low,Work as a good rather than a cost. Csikszentmihalyi's least convenient finding was that flow occurs more often at work than in free time - people are absorbed on the job and passive off it.,details/WRK-007.csv,5
WRK-008,Leaving a job on your own terms,WRK,"Work, craft, vocation and the job done well",most,"Available to most people, given ordinary circumstances",adult,35-54,institution,"Needs a school, employer, bank or state to cooperate",credential;discretion;work,3,*,primary,,2000,2026,5,3,0,20000,0,0,4,estimate,low,Work as a good rather than a cost. Csikszentmihalyi's least convenient finding was that flow occurs more often at work than in free time - people are absorbed on the job and passive off it.,details/WRK-008.csv,5
WRK-009,"Being paid on time, in full, without asking",WRK,"Work, craft, vocation and the job done well",most,"Available to most people, given ordinary circumstances",any,Any age,institution,"Needs a school, employer, bank or state to cooperate",credential;discretion;work;banking;money;platform,6,*,primary,,2000,2026,5,3,0,20000,0,0,4,estimate,low,Work as a good rather than a cost. Csikszentmihalyi's least convenient finding was that flow occurs more often at work than in free time - people are absorbed on the job and passive off it.,details/WRK-009.csv,5
WRK-010,A customer who came back specifically for you,WRK,"Work, craft, vocation and the job done well",most,"Available to most people, given ordinary circumstances",adult,35-54,none,Needs nothing but being alive and present,,0,*,primary,,2000,2026,5,3,0,20000,0,0,4,estimate,low,Work as a good rather than a cost. Csikszentmihalyi's least convenient finding was that flow occurs more often at work than in free time - people are absorbed on the job and passive off it.,details/WRK-010.csv,5
WRK-011,Work that is physically finished at the end of the day,WRK,"Work, craft, vocation and the job done well",most,"Available to most people, given ordinary circumstances",any,Any age,none,Needs nothing but being alive and present,,0,*,primary,,2000,2026,5,3,0,20000,0,0,4,estimate,low,Work as a good rather than a cost. Csikszentmihalyi's least convenient finding was that flow occurs more often at work than in free time - people are absorbed on the job and passive off it.,details/WRK-011.csv,5
WRK-012,Being good at a thing that is unglamorous,WRK,"Work, craft, vocation and the job done well",most,"Available to most people, given ordinary circumstances",adult,35-54,none,Needs nothing but being alive and present,,0,*,primary,,2000,2026,5,3,0,20000,0,0,4,estimate,low,Work as a good rather than a cost. Csikszentmihalyi's least convenient finding was that flow occurs more often at work than in free time - people are absorbed on the job and passive off it.,details/WRK-012.csv,5
WRK-013,A promotion that was overdue and arrived,WRK,"Work, craft, vocation and the job done well",most,"Available to most people, given ordinary circumstances",adult,35-54,institution,"Needs a school, employer, bank or state to cooperate",credential;discretion;work,3,*,primary,,2000,2026,5,3,0,20000,0,0,4,estimate,low,Work as a good rather than a cost. Csikszentmihalyi's least convenient finding was that flow occurs more often at work than in free time - people are absorbed on the job and passive off it.,details/WRK-013.csv,5
WRK-014,The quiet hour before anyone else arrives,WRK,"Work, craft, vocation and the job done well",most,"Available to most people, given ordinary circumstances",adult,35-54,time,Needs a quantity of uninterrupted time,work,1,*,primary,,2000,2026,5,3,0,20000,0,0,4,estimate,low,Work as a good rather than a cost. Csikszentmihalyi's least convenient finding was that flow occurs more often at work than in free time - people are absorbed on the job and passive off it.,details/WRK-014.csv,5
WRK-015,Fixing something nobody else could,WRK,"Work, craft, vocation and the job done well",most,"Available to most people, given ordinary circumstances",adult,35-54,none,Needs nothing but being alive and present,,0,*,primary,,2000,2026,5,3,0,20000,0,0,4,estimate,low,Work as a good rather than a cost. Csikszentmihalyi's least convenient finding was that flow occurs more often at work than in free time - people are absorbed on the job and passive off it.,details/WRK-015.csv,5
WRK-016,A boss who defended you,WRK,"Work, craft, vocation and the job done well",most,"Available to most people, given ordinary circumstances",adult,35-54,institution,"Needs a school, employer, bank or state to cooperate",credential;discretion;work,3,*,primary,,2000,2026,5,3,0,20000,0,0,4,estimate,low,Work as a good rather than a cost. Csikszentmihalyi's least convenient finding was that flow occurs more often at work than in free time - people are absorbed on the job and passive off it.,details/WRK-016.csv,5
WRK-017,Starting something of your own,WRK,"Work, craft, vocation and the job done well",most,"Available to most people, given ordinary circumstances",adult,35-54,money_large,Needs substantial money,money;banking;platform,3,*,primary,,2000,2026,5,3,0,20000,0,0,4,estimate,low,Work as a good rather than a cost. Csikszentmihalyi's least convenient finding was that flow occurs more often at work than in free time - people are absorbed on the job and passive off it.,details/WRK-017.csv,5
WRK-018,The first customer of a business you own,WRK,"Work, craft, vocation and the job done well",most,"Available to most people, given ordinary circumstances",adult,35-54,money_large,Needs substantial money,money;banking;platform,3,*,primary,,2000,2026,5,3,0,20000,0,0,4,estimate,low,Work as a good rather than a cost. Csikszentmihalyi's least convenient finding was that flow occurs more often at work than in free time - people are absorbed on the job and passive off it.,details/WRK-018.csv,5
WRK-019,Being able to stop thinking about work at six,WRK,"Work, craft, vocation and the job done well",most,"Available to most people, given ordinary circumstances",any,Any age,institution,"Needs a school, employer, bank or state to cooperate",credential;discretion;work,3,*,primary,,2000,2026,5,3,0,20000,0,0,4,estimate,low,Work as a good rather than a cost. Csikszentmihalyi's least convenient finding was that flow occurs more often at work than in free time - people are absorbed on the job and passive off it.,details/WRK-019.csv,5
WRK-020,"Doing a job your parent did, better",WRK,"Work, craft, vocation and the job done well",most,"Available to most people, given ordinary circumstances",adult,35-54,none,Needs nothing but being alive and present,,0,*,primary,,2000,2026,5,3,0,20000,0,0,4,estimate,low,Work as a good rather than a cost. Csikszentmihalyi's least convenient finding was that flow occurs more often at work than in free time - people are absorbed on the job and passive off it.,details/WRK-020.csv,5
WRK-021,Work that helped somebody specific,WRK,"Work, craft, vocation and the job done well",most,"Available to most people, given ordinary circumstances",any,Any age,none,Needs nothing but being alive and present,,0,*,primary,,2000,2026,5,3,0,20000,0,0,4,estimate,low,Work as a good rather than a cost. Csikszentmihalyi's least convenient finding was that flow occurs more often at work than in free time - people are absorbed on the job and passive off it.,details/WRK-021.csv,5
WRK-022,A craft where the hands know it,WRK,"Work, craft, vocation and the job done well",most,"Available to most people, given ordinary circumstances",midlife,45-64,none,Needs nothing but being alive and present,,0,*,primary,,2000,2026,5,3,0,20000,0,0,4,estimate,low,Work as a good rather than a cost. Csikszentmihalyi's least convenient finding was that flow occurs more often at work than in free time - people are absorbed on the job and passive off it.,details/WRK-022.csv,5
WRK-023,Being told your work outlasted you somewhere,WRK,"Work, craft, vocation and the job done well",most,"Available to most people, given ordinary circumstances",later_life,65+,none,Needs nothing but being alive and present,,0,*,primary,,2000,2026,5,3,0,20000,0,0,4,estimate,low,Work as a good rather than a cost. Csikszentmihalyi's least convenient finding was that flow occurs more often at work than in free time - people are absorbed on the job and passive off it.,details/WRK-023.csv,5
WRK-024,Taking a day off with nothing wrong,WRK,"Work, craft, vocation and the job done well",most,"Available to most people, given ordinary circumstances",any,Any age,institution,"Needs a school, employer, bank or state to cooperate",credential;discretion;work,3,*,primary,,2000,2026,5,3,0,20000,0,0,4,estimate,low,Work as a good rather than a cost. Csikszentmihalyi's least convenient finding was that flow occurs more often at work than in free time - people are absorbed on the job and passive off it.,details/WRK-024.csv,5
MON-001,The first month you were not worried,MON,"Money that arrived, security, owning the thing",resourced,"Needs money, documents or mobility that not everyone has",adult,35-54,institution,"Needs a school, employer, bank or state to cooperate",credential;discretion;work;banking;money;platform,6,*,primary,,2000,2026,5,2,0,0,0,0,4,estimate,low,Money as relief rather than accumulation. The research is consistent that material prosperity predicts life evaluation while psychosocial prosperity predicts positive feeling - money buys the removal of a specific fear rather than joy directly.,details/MON-001.csv,5
MON-002,Paying off the thing,MON,"Money that arrived, security, owning the thing",resourced,"Needs money, documents or mobility that not everyone has",adult,35-54,institution,"Needs a school, employer, bank or state to cooperate",credential;discretion;work;banking;money;platform,6,*,primary,,2000,2026,5,2,0,0,0,0,4,estimate,low,Money as relief rather than accumulation. The research is consistent that material prosperity predicts life evaluation while psychosocial prosperity predicts positive feeling - money buys the removal of a specific fear rather than joy directly.,details/MON-002.csv,5
MON-003,Being able to say yes to a small expense without checking,MON,"Money that arrived, security, owning the thing",resourced,"Needs money, documents or mobility that not everyone has",adult,35-54,institution,"Needs a school, employer, bank or state to cooperate",credential;discretion;work;banking;money;platform,6,*,primary,,2000,2026,5,2,0,0,0,0,4,estimate,low,Money as relief rather than accumulation. The research is consistent that material prosperity predicts life evaluation while psychosocial prosperity predicts positive feeling - money buys the removal of a specific fear rather than joy directly.,details/MON-003.csv,5
MON-004,Sending money home and it arriving,MON,"Money that arrived, security, owning the thing",resourced,"Needs money, documents or mobility that not everyone has",adult,35-54,institution,"Needs a school, employer, bank or state to cooperate",credential;discretion;work;banking;money;platform,6,*,primary,,2000,2026,5,2,0,0,0,0,4,estimate,low,Money as relief rather than accumulation. The research is consistent that material prosperity predicts life evaluation while psychosocial prosperity predicts positive feeling - money buys the removal of a specific fear rather than joy directly.,details/MON-004.csv,5
MON-005,A savings figure that survived a year,MON,"Money that arrived, security, owning the thing",resourced,"Needs money, documents or mobility that not everyone has",adult,35-54,institution,"Needs a school, employer, bank or state to cooperate",credential;discretion;work;banking;money;platform,6,*,primary,,2000,2026,5,2,0,0,0,0,4,estimate,low,Money as relief rather than accumulation. The research is consistent that material prosperity predicts life evaluation while psychosocial prosperity predicts positive feeling - money buys the removal of a specific fear rather than joy directly.,details/MON-005.csv,5
MON-006,Buying something for somebody without discussing it,MON,"Money that arrived, security, owning the thing",resourced,"Needs money, documents or mobility that not everyone has",any,Any age,money_small,Needs a small amount of money,money,1,*,primary,,2000,2026,5,2,0,0,0,0,4,estimate,low,Money as relief rather than accumulation. The research is consistent that material prosperity predicts life evaluation while psychosocial prosperity predicts positive feeling - money buys the removal of a specific fear rather than joy directly.,details/MON-006.csv,5
MON-007,A refund that actually came,MON,"Money that arrived, security, owning the thing",resourced,"Needs money, documents or mobility that not everyone has",any,Any age,institution,"Needs a school, employer, bank or state to cooperate",credential;discretion;work;banking;money;platform,6,*,primary,,2000,2026,4,2,0,0,0,0,4,estimate,low,Money as relief rather than accumulation. The research is consistent that material prosperity predicts life evaluation while psychosocial prosperity predicts positive feeling - money buys the removal of a specific fear rather than joy directly.,details/MON-007.csv,5
MON-008,Being able to fix the thing rather than endure it,MON,"Money that arrived, security, owning the thing",resourced,"Needs money, documents or mobility that not everyone has",adult,35-54,money_small,Needs a small amount of money,money,1,*,primary,,2000,2026,5,2,0,0,0,0,4,estimate,low,Money as relief rather than accumulation. The research is consistent that material prosperity predicts life evaluation while psychosocial prosperity predicts positive feeling - money buys the removal of a specific fear rather than joy directly.,details/MON-008.csv,5
MON-009,Money arriving on the day it was promised,MON,"Money that arrived, security, owning the thing",resourced,"Needs money, documents or mobility that not everyone has",any,Any age,institution,"Needs a school, employer, bank or state to cooperate",credential;discretion;work;banking;money;platform,6,*,primary,,2000,2026,5,2,0,0,0,0,4,estimate,low,Money as relief rather than accumulation. The research is consistent that material prosperity predicts life evaluation while psychosocial prosperity predicts positive feeling - money buys the removal of a specific fear rather than joy directly.,details/MON-009.csv,5
MON-010,Not having to borrow for an emergency,MON,"Money that arrived, security, owning the thing",resourced,"Needs money, documents or mobility that not everyone has",adult,35-54,institution,"Needs a school, employer, bank or state to cooperate",credential;discretion;work;banking;money;platform,6,*,primary,,2000,2026,5,2,0,0,0,0,4,estimate,low,Money as relief rather than accumulation. The research is consistent that material prosperity predicts life evaluation while psychosocial prosperity predicts positive feeling - money buys the removal of a specific fear rather than joy directly.,details/MON-010.csv,5
MON-011,A pension that exists,MON,"Money that arrived, security, owning the thing",resourced,"Needs money, documents or mobility that not everyone has",later_life,65+,institution,"Needs a school, employer, bank or state to cooperate",credential;discretion;work;money,4,*,primary,,2000,2026,5,2,0,0,0,0,4,estimate,low,Money as relief rather than accumulation. The research is consistent that material prosperity predicts life evaluation while psychosocial prosperity predicts positive feeling - money buys the removal of a specific fear rather than joy directly.,details/MON-011.csv,5
MON-012,Owning a tool rather than renting it,MON,"Money that arrived, security, owning the thing",resourced,"Needs money, documents or mobility that not everyone has",adult,35-54,money_small,Needs a small amount of money,money,1,*,primary,,2000,2026,4,2,0,0,0,0,4,estimate,low,Money as relief rather than accumulation. The research is consistent that material prosperity predicts life evaluation while psychosocial prosperity predicts positive feeling - money buys the removal of a specific fear rather than joy directly.,details/MON-012.csv,5
MON-013,Paying somebody properly for their work,MON,"Money that arrived, security, owning the thing",resourced,"Needs money, documents or mobility that not everyone has",adult,35-54,money_small,Needs a small amount of money,money,1,*,primary,,2000,2026,5,2,0,0,0,0,4,estimate,low,Money as relief rather than accumulation. The research is consistent that material prosperity predicts life evaluation while psychosocial prosperity predicts positive feeling - money buys the removal of a specific fear rather than joy directly.,details/MON-013.csv,5
MON-014,Being the person who can help,MON,"Money that arrived, security, owning the thing",resourced,"Needs money, documents or mobility that not everyone has",adult,35-54,money_small,Needs a small amount of money,money,1,*,primary,,2000,2026,5,2,0,0,0,0,4,estimate,low,Money as relief rather than accumulation. The research is consistent that material prosperity predicts life evaluation while psychosocial prosperity predicts positive feeling - money buys the removal of a specific fear rather than joy directly.,details/MON-014.csv,5
MON-015,A windfall that was not spent immediately,MON,"Money that arrived, security, owning the thing",resourced,"Needs money, documents or mobility that not everyone has",any,Any age,institution,"Needs a school, employer, bank or state to cooperate",credential;discretion;work;banking;money;platform,6,*,primary,,2000,2026,4,2,0,0,0,0,4,estimate,low,Money as relief rather than accumulation. The research is consistent that material prosperity predicts life evaluation while psychosocial prosperity predicts positive feeling - money buys the removal of a specific fear rather than joy directly.,details/MON-015.csv,5
HOM-001,A door that locks and is yours,HOM,"Home: a room, a door that locks, a place of your own",resourced,"Needs money, documents or mobility that not everyone has",young_adult,20-34,documents,"Needs paperwork, an ID, a certificate or a permit",documents;registry;discretion;land,4,*,primary,,2000,2026,5,2,0,200000,0,0,5,estimate,low,"Somewhere to be, that is yours, that you can close. One of the few goods in this dataset that is simultaneously a physical object, a legal status and an emotional state.",details/HOM-001.csv,5
HOM-002,The first night in a place you chose,HOM,"Home: a room, a door that locks, a place of your own",resourced,"Needs money, documents or mobility that not everyone has",young_adult,20-34,money_large,Needs substantial money,money;banking;land,3,*,primary,,2000,2026,5,2,0,200000,0,0,5,estimate,low,"Somewhere to be, that is yours, that you can close. One of the few goods in this dataset that is simultaneously a physical object, a legal status and an emotional state.",details/HOM-002.csv,5
HOM-003,A room arranged exactly how you want it,HOM,"Home: a room, a door that locks, a place of your own",resourced,"Needs money, documents or mobility that not everyone has",any,Any age,none,Needs nothing but being alive and present,,0,*,primary,,2000,2026,5,2,0,200000,0,0,5,estimate,low,"Somewhere to be, that is yours, that you can close. One of the few goods in this dataset that is simultaneously a physical object, a legal status and an emotional state.",details/HOM-003.csv,5
HOM-004,Light coming in at a particular hour,HOM,"Home: a room, a door that locks, a place of your own",resourced,"Needs money, documents or mobility that not everyone has",any,Any age,none,Needs nothing but being alive and present,,0,*,primary,,2000,2026,5,2,0,200000,0,0,5,estimate,low,"Somewhere to be, that is yours, that you can close. One of the few goods in this dataset that is simultaneously a physical object, a legal status and an emotional state.",details/HOM-004.csv,5
HOM-005,A kitchen big enough for two people to cook in,HOM,"Home: a room, a door that locks, a place of your own",resourced,"Needs money, documents or mobility that not everyone has",adult,35-54,money_large,Needs substantial money,money;banking;land,3,*,primary,,2000,2026,5,2,0,200000,0,0,5,estimate,low,"Somewhere to be, that is yours, that you can close. One of the few goods in this dataset that is simultaneously a physical object, a legal status and an emotional state.",details/HOM-005.csv,5
HOM-006,Neighbours who are pleasant and not intrusive,HOM,"Home: a room, a door that locks, a place of your own",resourced,"Needs money, documents or mobility that not everyone has",any,Any age,none,Needs nothing but being alive and present,,0,*,primary,,2000,2026,5,2,0,200000,0,0,5,estimate,low,"Somewhere to be, that is yours, that you can close. One of the few goods in this dataset that is simultaneously a physical object, a legal status and an emotional state.",details/HOM-006.csv,5
HOM-007,Fixing something in your own home yourself,HOM,"Home: a room, a door that locks, a place of your own",resourced,"Needs money, documents or mobility that not everyone has",adult,35-54,none,Needs nothing but being alive and present,,0,*,primary,,2000,2026,5,2,0,200000,0,0,5,estimate,low,"Somewhere to be, that is yours, that you can close. One of the few goods in this dataset that is simultaneously a physical object, a legal status and an emotional state.",details/HOM-007.csv,5
HOM-008,Planting something you will still be there to see grow,HOM,"Home: a room, a door that locks, a place of your own",resourced,"Needs money, documents or mobility that not everyone has",adult,35-54,place,"Needs a specific place - a coast, a grove, a hall",land;weather,2,*,primary,,2000,2026,5,2,0,200000,0,0,5,estimate,low,"Somewhere to be, that is yours, that you can close. One of the few goods in this dataset that is simultaneously a physical object, a legal status and an emotional state.",details/HOM-008.csv,5
HOM-009,A chair that is specifically yours,HOM,"Home: a room, a door that locks, a place of your own",resourced,"Needs money, documents or mobility that not everyone has",any,Any age,none,Needs nothing but being alive and present,,0,*,primary,,2000,2026,4,2,0,200000,0,0,5,estimate,low,"Somewhere to be, that is yours, that you can close. One of the few goods in this dataset that is simultaneously a physical object, a legal status and an emotional state.",details/HOM-009.csv,5
HOM-010,Hot water that is reliable,HOM,"Home: a room, a door that locks, a place of your own",resourced,"Needs money, documents or mobility that not everyone has",any,Any age,power,"Needs electricity, connectivity or equipment",power;platform,2,*,primary,,2000,2026,5,2,0,200000,0,0,5,estimate,low,"Somewhere to be, that is yours, that you can close. One of the few goods in this dataset that is simultaneously a physical object, a legal status and an emotional state.",details/HOM-010.csv,5
HOM-011,A home that people drop in to,HOM,"Home: a room, a door that locks, a place of your own",resourced,"Needs money, documents or mobility that not everyone has",adult,35-54,none,Needs nothing but being alive and present,,0,*,primary,,2000,2026,5,2,0,200000,0,0,5,estimate,low,"Somewhere to be, that is yours, that you can close. One of the few goods in this dataset that is simultaneously a physical object, a legal status and an emotional state.",details/HOM-011.csv,5
HOM-012,Getting the keys,HOM,"Home: a room, a door that locks, a place of your own",resourced,"Needs money, documents or mobility that not everyone has",adult,35-54,documents,"Needs paperwork, an ID, a certificate or a permit",documents;registry;discretion;land,4,*,primary,,2000,2026,5,2,0,200000,0,0,5,estimate,low,"Somewhere to be, that is yours, that you can close. One of the few goods in this dataset that is simultaneously a physical object, a legal status and an emotional state.",details/HOM-012.csv,5
HOM-013,Painting a wall a colour somebody would object to,HOM,"Home: a room, a door that locks, a place of your own",resourced,"Needs money, documents or mobility that not everyone has",adult,35-54,none,Needs nothing but being alive and present,,0,*,primary,,2000,2026,4,2,0,200000,0,0,5,estimate,low,"Somewhere to be, that is yours, that you can close. One of the few goods in this dataset that is simultaneously a physical object, a legal status and an emotional state.",details/HOM-013.csv,5
HOM-014,A place where the noise is yours,HOM,"Home: a room, a door that locks, a place of your own",resourced,"Needs money, documents or mobility that not everyone has",any,Any age,none,Needs nothing but being alive and present,,0,*,primary,,2000,2026,5,2,0,200000,0,0,5,estimate,low,"Somewhere to be, that is yours, that you can close. One of the few goods in this dataset that is simultaneously a physical object, a legal status and an emotional state.",details/HOM-014.csv,5
HOM-015,Living alone and liking it,HOM,"Home: a room, a door that locks, a place of your own",resourced,"Needs money, documents or mobility that not everyone has",young_adult,20-34,money_large,Needs substantial money,money;banking;land,3,*,primary,,2000,2026,5,2,0,200000,0,0,5,estimate,low,"Somewhere to be, that is yours, that you can close. One of the few goods in this dataset that is simultaneously a physical object, a legal status and an emotional state.",details/HOM-015.csv,5
HOM-016,Living with people and it working,HOM,"Home: a room, a door that locks, a place of your own",resourced,"Needs money, documents or mobility that not everyone has",young_adult,20-34,others,Needs at least one other person,family,1,*,primary,,2000,2026,5,2,0,200000,0,0,5,estimate,low,"Somewhere to be, that is yours, that you can close. One of the few goods in this dataset that is simultaneously a physical object, a legal status and an emotional state.",details/HOM-016.csv,5
HOM-017,The house where the family gathers,HOM,"Home: a room, a door that locks, a place of your own",resourced,"Needs money, documents or mobility that not everyone has",midlife,45-64,money_large,Needs substantial money,money;banking;land,3,*,primary,,2000,2026,5,2,0,200000,0,0,5,estimate,low,"Somewhere to be, that is yours, that you can close. One of the few goods in this dataset that is simultaneously a physical object, a legal status and an emotional state.",details/HOM-017.csv,5
HOM-018,A view you did not pay extra for,HOM,"Home: a room, a door that locks, a place of your own",resourced,"Needs money, documents or mobility that not everyone has",any,Any age,none,Needs nothing but being alive and present,,0,*,primary,,2000,2026,5,2,0,200000,0,0,5,estimate,low,"Somewhere to be, that is yours, that you can close. One of the few goods in this dataset that is simultaneously a physical object, a legal status and an emotional state.",details/HOM-018.csv,5
LOV-001,Being looked at across a room,LOV,"Love, courtship, partnership, being known",most,"Available to most people, given ordinary circumstances",young_adult,20-34,others,Needs at least one other person,family,1,*,primary,,2000,2026,5,3,0,0,0,0,5,estimate,low,"Being chosen, and choosing, and the long unspectacular middle of it.",details/LOV-001.csv,5
LOV-002,The first conversation that went on too long,LOV,"Love, courtship, partnership, being known",most,"Available to most people, given ordinary circumstances",young_adult,20-34,others,Needs at least one other person,family,1,*,primary,,2000,2026,5,3,0,0,0,0,5,estimate,low,"Being chosen, and choosing, and the long unspectacular middle of it.",details/LOV-002.csv,5
LOV-003,Someone learning how you take your tea,LOV,"Love, courtship, partnership, being known",most,"Available to most people, given ordinary circumstances",any,Any age,others,Needs at least one other person,,0,*,primary,,2000,2026,5,3,0,0,0,0,5,estimate,low,"Being chosen, and choosing, and the long unspectacular middle of it.",details/LOV-003.csv,5
LOV-004,Being introduced to the family,LOV,"Love, courtship, partnership, being known",most,"Available to most people, given ordinary circumstances",young_adult,20-34,others,Needs at least one other person,family,1,*,primary,,2000,2026,5,3,0,0,0,0,5,estimate,low,"Being chosen, and choosing, and the long unspectacular middle of it.",details/LOV-004.csv,5
LOV-005,"The wedding, whatever form it took",LOV,"Love, courtship, partnership, being known",most,"Available to most people, given ordinary circumstances",young_adult,20-34,documents,"Needs paperwork, an ID, a certificate or a permit",documents;registry;discretion;money;family,5,*,primary,,2000,2026,5,3,0,0,0,0,5,estimate,low,"Being chosen, and choosing, and the long unspectacular middle of it.",details/LOV-005.csv,5
LOV-006,A marriage that got easier after year five,LOV,"Love, courtship, partnership, being known",most,"Available to most people, given ordinary circumstances",adult,35-54,others,Needs at least one other person,family,1,*,primary,,2000,2026,5,3,0,0,0,0,5,estimate,low,"Being chosen, and choosing, and the long unspectacular middle of it.",details/LOV-006.csv,5
LOV-007,Being forgiven for something real,LOV,"Love, courtship, partnership, being known",most,"Available to most people, given ordinary circumstances",adult,35-54,others,Needs at least one other person,,0,*,primary,,2000,2026,5,3,0,0,0,0,5,estimate,low,"Being chosen, and choosing, and the long unspectacular middle of it.",details/LOV-007.csv,5
LOV-008,Somebody waiting up,LOV,"Love, courtship, partnership, being known",most,"Available to most people, given ordinary circumstances",any,Any age,others,Needs at least one other person,,0,*,primary,,2000,2026,5,3,0,0,0,0,5,estimate,low,"Being chosen, and choosing, and the long unspectacular middle of it.",details/LOV-008.csv,5
LOV-009,Laughing in bed about nothing,LOV,"Love, courtship, partnership, being known",most,"Available to most people, given ordinary circumstances",any,Any age,others,Needs at least one other person,,0,*,primary,,2000,2026,5,3,0,0,0,0,5,estimate,low,"Being chosen, and choosing, and the long unspectacular middle of it.",details/LOV-009.csv,5
LOV-010,Being known completely and not left,LOV,"Love, courtship, partnership, being known",most,"Available to most people, given ordinary circumstances",adult,35-54,others,Needs at least one other person,,0,*,primary,,2000,2026,5,3,0,0,0,0,5,estimate,low,"Being chosen, and choosing, and the long unspectacular middle of it.",details/LOV-010.csv,5
LOV-011,A partner who is good to your mother,LOV,"Love, courtship, partnership, being known",most,"Available to most people, given ordinary circumstances",adult,35-54,others,Needs at least one other person,family,1,*,primary,,2000,2026,5,3,0,0,0,0,5,estimate,low,"Being chosen, and choosing, and the long unspectacular middle of it.",details/LOV-011.csv,5
LOV-012,Deciding something enormous together,LOV,"Love, courtship, partnership, being known",most,"Available to most people, given ordinary circumstances",adult,35-54,others,Needs at least one other person,family,1,*,primary,,2000,2026,5,3,0,0,0,0,5,estimate,low,"Being chosen, and choosing, and the long unspectacular middle of it.",details/LOV-012.csv,5
LOV-013,Growing old with the same person,LOV,"Love, courtship, partnership, being known",most,"Available to most people, given ordinary circumstances",later_life,65+,others,Needs at least one other person,health,1,*,primary,,2000,2026,5,3,0,0,0,0,5,estimate,low,"Being chosen, and choosing, and the long unspectacular middle of it.",details/LOV-013.csv,5
LOV-014,Finding someone after a long time alone,LOV,"Love, courtship, partnership, being known",most,"Available to most people, given ordinary circumstances",midlife,45-64,others,Needs at least one other person,,0,*,primary,,2000,2026,5,3,0,0,0,0,5,estimate,low,"Being chosen, and choosing, and the long unspectacular middle of it.",details/LOV-014.csv,5
LOV-015,Being desired at an age you did not expect it,LOV,"Love, courtship, partnership, being known",most,"Available to most people, given ordinary circumstances",midlife,45-64,others,Needs at least one other person,body,1,*,primary,,2000,2026,5,3,0,0,0,0,5,estimate,low,"Being chosen, and choosing, and the long unspectacular middle of it.",details/LOV-015.csv,5
LOV-016,A relationship that ended well,LOV,"Love, courtship, partnership, being known",most,"Available to most people, given ordinary circumstances",adult,35-54,others,Needs at least one other person,,0,*,primary,,2000,2026,4,3,0,0,0,0,5,estimate,low,"Being chosen, and choosing, and the long unspectacular middle of it.",details/LOV-016.csv,5
PAR-001,Finding out there is going to be a child,PAR,Parenthood and raising someone,most,"Available to most people, given ordinary circumstances",adult,35-54,health,"Needs a working body, or a health system",health;care;maternity,3,*,primary,,2000,2026,5,3,0,0,0,0,5,estimate,low,"Raising somebody, which is mostly logistics punctuated by the point of it.",details/PAR-001.csv,5
PAR-002,"The birth itself, going well",PAR,Parenthood and raising someone,most,"Available to most people, given ordinary circumstances",adult,35-54,health,"Needs a working body, or a health system",health;care;maternity;body,4,*,primary,,2000,2026,5,3,0,0,0,0,5,estimate,low,"Raising somebody, which is mostly logistics punctuated by the point of it.",details/PAR-002.csv,5
PAR-003,Registering the birth and being handed the certificate,PAR,Parenthood and raising someone,most,"Available to most people, given ordinary circumstances",adult,35-54,documents,"Needs paperwork, an ID, a certificate or a permit",documents;registry;discretion,3,*,primary,,2000,2026,5,3,0,0,0,0,5,estimate,low,"Raising somebody, which is mostly logistics punctuated by the point of it.",details/PAR-003.csv,5
PAR-004,The first time they sleep through,PAR,Parenthood and raising someone,most,"Available to most people, given ordinary circumstances",adult,35-54,none,Needs nothing but being alive and present,,0,*,primary,,2000,2026,5,3,0,0,0,0,5,estimate,low,"Raising somebody, which is mostly logistics punctuated by the point of it.",details/PAR-004.csv,5
PAR-005,Being recognised by them,PAR,Parenthood and raising someone,most,"Available to most people, given ordinary circumstances",adult,35-54,none,Needs nothing but being alive and present,,0,*,primary,,2000,2026,5,3,0,0,0,0,5,estimate,low,"Raising somebody, which is mostly logistics punctuated by the point of it.",details/PAR-005.csv,5
PAR-006,"First words, first steps, first sentence",PAR,Parenthood and raising someone,most,"Available to most people, given ordinary circumstances",adult,35-54,none,Needs nothing but being alive and present,,0,*,primary,,2000,2026,5,3,0,0,0,0,5,estimate,low,"Raising somebody, which is mostly logistics punctuated by the point of it.",details/PAR-006.csv,5
PAR-007,Watching them make a friend,PAR,Parenthood and raising someone,most,"Available to most people, given ordinary circumstances",adult,35-54,others,Needs at least one other person,,0,*,primary,,2000,2026,5,3,0,0,0,0,5,estimate,low,"Raising somebody, which is mostly logistics punctuated by the point of it.",details/PAR-007.csv,5
PAR-008,The school run as a routine that works,PAR,Parenthood and raising someone,most,"Available to most people, given ordinary circumstances",adult,35-54,institution,"Needs a school, employer, bank or state to cooperate",credential;discretion;work;school;transport,5,*,primary,,2000,2026,4,3,0,0,0,0,5,estimate,low,"Raising somebody, which is mostly logistics punctuated by the point of it.",details/PAR-008.csv,5
PAR-009,Them being kind without being told to,PAR,Parenthood and raising someone,most,"Available to most people, given ordinary circumstances",adult,35-54,none,Needs nothing but being alive and present,,0,*,primary,,2000,2026,5,3,0,0,0,0,5,estimate,low,"Raising somebody, which is mostly logistics punctuated by the point of it.",details/PAR-009.csv,5
PAR-010,Teaching them the thing your parent taught you,PAR,Parenthood and raising someone,most,"Available to most people, given ordinary circumstances",adult,35-54,none,Needs nothing but being alive and present,,0,*,primary,,2000,2026,5,3,0,0,0,0,5,estimate,low,"Raising somebody, which is mostly logistics punctuated by the point of it.",details/PAR-010.csv,5
PAR-011,Them beating you at something,PAR,Parenthood and raising someone,most,"Available to most people, given ordinary circumstances",midlife,45-64,none,Needs nothing but being alive and present,,0,*,primary,,2000,2026,5,3,0,0,0,0,5,estimate,low,"Raising somebody, which is mostly logistics punctuated by the point of it.",details/PAR-011.csv,5
PAR-012,Watching them leave and being fine,PAR,Parenthood and raising someone,most,"Available to most people, given ordinary circumstances",midlife,45-64,none,Needs nothing but being alive and present,,0,*,primary,,2000,2026,5,3,0,0,0,0,5,estimate,low,"Raising somebody, which is mostly logistics punctuated by the point of it.",details/PAR-012.csv,5
PAR-013,Being asked for your opinion by your adult child,PAR,Parenthood and raising someone,most,"Available to most people, given ordinary circumstances",later_life,65+,none,Needs nothing but being alive and present,,0,*,primary,,2000,2026,5,3,0,0,0,0,5,estimate,low,"Raising somebody, which is mostly logistics punctuated by the point of it.",details/PAR-013.csv,5
PAR-014,"Grandchildren, with none of the responsibility",PAR,Parenthood and raising someone,most,"Available to most people, given ordinary circumstances",later_life,65+,others,Needs at least one other person,family,1,*,primary,,2000,2026,5,3,0,0,0,0,5,estimate,low,"Raising somebody, which is mostly logistics punctuated by the point of it.",details/PAR-014.csv,5
PAR-015,"A child who is safe, which is the whole job",PAR,Parenthood and raising someone,most,"Available to most people, given ordinary circumstances",adult,35-54,none,Needs nothing but being alive and present,security,1,*,primary,,2000,2026,5,3,0,0,0,0,5,estimate,low,"Raising somebody, which is mostly logistics punctuated by the point of it.",details/PAR-015.csv,5
BIR-001,Being fed by somebody who was tired,BIR,"Being born, being small, being carried",most,"Available to most people, given ordinary circumstances",infancy,0-3,others,Needs at least one other person,care;health,2,*,primary,,2000,2026,5,3,0,0,0,0,5,estimate,low,"The beginning: being small, being held, being kept alive by somebody else.",details/BIR-001.csv,5
BIR-002,Being carried while asleep,BIR,"Being born, being small, being carried",most,"Available to most people, given ordinary circumstances",infancy,0-3,none,Needs nothing but being alive and present,,0,*,primary,,2000,2026,5,3,0,0,0,0,5,estimate,low,"The beginning: being small, being held, being kept alive by somebody else.",details/BIR-002.csv,5
BIR-003,A name chosen carefully,BIR,"Being born, being small, being carried",most,"Available to most people, given ordinary circumstances",infancy,0-3,documents,"Needs paperwork, an ID, a certificate or a permit",documents;registry;discretion,3,*,primary,,2000,2026,5,3,0,0,0,0,5,estimate,low,"The beginning: being small, being held, being kept alive by somebody else.",details/BIR-003.csv,5
BIR-004,Being the reason a room goes quiet,BIR,"Being born, being small, being carried",most,"Available to most people, given ordinary circumstances",infancy,0-3,others,Needs at least one other person,,0,*,primary,,2000,2026,5,3,0,0,0,0,5,estimate,low,"The beginning: being small, being held, being kept alive by somebody else.",details/BIR-004.csv,5
BIR-005,Surviving the first year,BIR,"Being born, being small, being carried",most,"Available to most people, given ordinary circumstances",infancy,0-3,health,"Needs a working body, or a health system",health;care,2,*,primary,,2000,2026,5,3,0,0,0,0,5,estimate,low,"The beginning: being small, being held, being kept alive by somebody else.",details/BIR-005.csv,5
BIR-006,Being wanted before arriving,BIR,"Being born, being small, being carried",most,"Available to most people, given ordinary circumstances",infancy,0-3,none,Needs nothing but being alive and present,,0,*,primary,,2000,2026,5,3,0,0,0,0,5,estimate,low,"The beginning: being small, being held, being kept alive by somebody else.",details/BIR-006.csv,5
CHI-001,A game invented on the spot with rules nobody wrote,CHI,"Childhood: play, discovery, the long afternoons",most,"Available to most people, given ordinary circumstances",childhood,4-12,others,Needs at least one other person,,0,*,primary,,2000,2026,5,3,0,0,0,0,5,estimate,low,"Childhood: long afternoons, no money, and total absorption.",details/CHI-001.csv,5
CHI-002,Being allowed out until it got dark,CHI,"Childhood: play, discovery, the long afternoons",most,"Available to most people, given ordinary circumstances",childhood,4-12,none,Needs nothing but being alive and present,security,1,*,primary,,2000,2026,5,3,0,0,0,0,5,estimate,low,"Childhood: long afternoons, no money, and total absorption.",details/CHI-002.csv,5
CHI-003,"A bicycle, and the range it suddenly gives you",CHI,"Childhood: play, discovery, the long afternoons",most,"Available to most people, given ordinary circumstances",childhood,4-12,money_small,Needs a small amount of money,money,1,*,primary,,2000,2026,5,3,0,0,0,0,5,estimate,low,"Childhood: long afternoons, no money, and total absorption.",details/CHI-003.csv,5
CHI-004,Building something out of what was lying around,CHI,"Childhood: play, discovery, the long afternoons",most,"Available to most people, given ordinary circumstances",childhood,4-12,none,Needs nothing but being alive and present,,0,*,primary,,2000,2026,5,3,0,0,0,0,5,estimate,low,"Childhood: long afternoons, no money, and total absorption.",details/CHI-004.csv,5
CHI-005,A hiding place only you knew,CHI,"Childhood: play, discovery, the long afternoons",most,"Available to most people, given ordinary circumstances",childhood,4-12,none,Needs nothing but being alive and present,,0,*,primary,,2000,2026,5,3,0,0,0,0,5,estimate,low,"Childhood: long afternoons, no money, and total absorption.",details/CHI-005.csv,5
CHI-006,Being read to at night,CHI,"Childhood: play, discovery, the long afternoons",most,"Available to most people, given ordinary circumstances",childhood,4-12,others,Needs at least one other person,,0,*,primary,,2000,2026,5,3,0,0,0,0,5,estimate,low,"Childhood: long afternoons, no money, and total absorption.",details/CHI-006.csv,5
CHI-007,Winning something small in front of people,CHI,"Childhood: play, discovery, the long afternoons",most,"Available to most people, given ordinary circumstances",childhood,4-12,others,Needs at least one other person,,0,*,primary,,2000,2026,5,3,0,0,0,0,5,estimate,low,"Childhood: long afternoons, no money, and total absorption.",details/CHI-007.csv,5
CHI-008,An animal that was yours,CHI,"Childhood: play, discovery, the long afternoons",most,"Available to most people, given ordinary circumstances",childhood,4-12,none,Needs nothing but being alive and present,care,1,*,primary,,2000,2026,5,3,0,0,0,0,5,estimate,low,"Childhood: long afternoons, no money, and total absorption.",details/CHI-008.csv,5
CHI-009,Rain stopping play and it being better,CHI,"Childhood: play, discovery, the long afternoons",most,"Available to most people, given ordinary circumstances",childhood,4-12,none,Needs nothing but being alive and present,weather,1,*,primary,,2000,2026,4,3,0,0,0,0,5,estimate,low,"Childhood: long afternoons, no money, and total absorption.",details/CHI-009.csv,5
CHI-010,The summer that seemed not to end,CHI,"Childhood: play, discovery, the long afternoons",most,"Available to most people, given ordinary circumstances",childhood,4-12,none,Needs nothing but being alive and present,,0,*,primary,,2000,2026,5,3,0,0,0,0,5,estimate,low,"Childhood: long afternoons, no money, and total absorption.",details/CHI-010.csv,5
CHI-011,Being trusted with something for the first time,CHI,"Childhood: play, discovery, the long afternoons",most,"Available to most people, given ordinary circumstances",childhood,4-12,others,Needs at least one other person,,0,*,primary,,2000,2026,5,3,0,0,0,0,5,estimate,low,"Childhood: long afternoons, no money, and total absorption.",details/CHI-011.csv,5
CHI-012,A friend on the same street,CHI,"Childhood: play, discovery, the long afternoons",most,"Available to most people, given ordinary circumstances",childhood,4-12,others,Needs at least one other person,,0,*,primary,,2000,2026,5,3,0,0,0,0,5,estimate,low,"Childhood: long afternoons, no money, and total absorption.",details/CHI-012.csv,5
HEA-001,Waking up without pain that was there yesterday,HEA,"Health, recovery, the body working",most,"Available to most people, given ordinary circumstances",any,Any age,health,"Needs a working body, or a health system",health;care,2,*,primary,,2000,2026,5,3,0,0,0,0,5,estimate,low,"A body that is working, or has stopped hurting.",details/HEA-001.csv,5
HEA-002,Test results coming back clear,HEA,"Health, recovery, the body working",most,"Available to most people, given ordinary circumstances",adult,35-54,health,"Needs a working body, or a health system",health;care;money,3,*,primary,,2000,2026,5,3,0,0,0,0,5,estimate,low,"A body that is working, or has stopped hurting.",details/HEA-002.csv,5
HEA-003,Recovering from something that frightened you,HEA,"Health, recovery, the body working",most,"Available to most people, given ordinary circumstances",adult,35-54,health,"Needs a working body, or a health system",health;care,2,*,primary,,2000,2026,5,3,0,0,0,0,5,estimate,low,"A body that is working, or has stopped hurting.",details/HEA-003.csv,5
HEA-004,A dentist appointment that did not hurt,HEA,"Health, recovery, the body working",most,"Available to most people, given ordinary circumstances",any,Any age,health,"Needs a working body, or a health system",health;care;money,3,*,primary,,2000,2026,4,3,0,0,0,0,5,estimate,low,"A body that is working, or has stopped hurting.",details/HEA-004.csv,5
HEA-005,Sleeping properly for a week,HEA,"Health, recovery, the body working",most,"Available to most people, given ordinary circumstances",any,Any age,none,Needs nothing but being alive and present,,0,*,primary,,2000,2026,5,3,0,0,0,0,5,estimate,low,"A body that is working, or has stopped hurting.",details/HEA-005.csv,5
HEA-006,Being fit enough to do something you could not,HEA,"Health, recovery, the body working",most,"Available to most people, given ordinary circumstances",adult,35-54,none,Needs nothing but being alive and present,body,1,*,primary,,2000,2026,5,3,0,0,0,0,5,estimate,low,"A body that is working, or has stopped hurting.",details/HEA-006.csv,5
HEA-007,Somebody competent taking over when you were ill,HEA,"Health, recovery, the body working",most,"Available to most people, given ordinary circumstances",any,Any age,others,Needs at least one other person,care,1,*,primary,,2000,2026,5,3,0,0,0,0,5,estimate,low,"A body that is working, or has stopped hurting.",details/HEA-007.csv,5
HEA-008,Eyesight corrected,HEA,"Health, recovery, the body working",most,"Available to most people, given ordinary circumstances",any,Any age,health,"Needs a working body, or a health system",health;care;money,3,*,primary,,2000,2026,5,3,0,0,0,0,5,estimate,low,"A body that is working, or has stopped hurting.",details/HEA-008.csv,5
HEA-009,The end of a course of treatment,HEA,"Health, recovery, the body working",most,"Available to most people, given ordinary circumstances",adult,35-54,health,"Needs a working body, or a health system",health;care;money,3,*,primary,,2000,2026,5,3,0,0,0,0,5,estimate,low,"A body that is working, or has stopped hurting.",details/HEA-009.csv,5
HEA-010,A body that did the difficult thing,HEA,"Health, recovery, the body working",most,"Available to most people, given ordinary circumstances",any,Any age,none,Needs nothing but being alive and present,body,1,*,primary,,2000,2026,5,3,0,0,0,0,5,estimate,low,"A body that is working, or has stopped hurting.",details/HEA-010.csv,5
RST-001,An afternoon with no obligation in it,RST,"Rest, sleep, idleness, doing nothing well",most,"Available to most people, given ordinary circumstances",any,Any age,time,Needs a quantity of uninterrupted time,work,1,*,primary,,2000,2026,5,3,0,0,0,0,5,estimate,low,"Rest, and the specific luxury of being unreachable.",details/RST-001.csv,5
RST-002,Sleeping until you woke up naturally,RST,"Rest, sleep, idleness, doing nothing well",most,"Available to most people, given ordinary circumstances",any,Any age,time,Needs a quantity of uninterrupted time,work,1,*,primary,,2000,2026,5,3,0,0,0,0,5,estimate,low,"Rest, and the specific luxury of being unreachable.",details/RST-002.csv,5
RST-003,A day where the phone did not matter,RST,"Rest, sleep, idleness, doing nothing well",most,"Available to most people, given ordinary circumstances",any,Any age,none,Needs nothing but being alive and present,platform,1,*,primary,,2000,2026,5,3,0,0,0,0,5,estimate,low,"Rest, and the specific luxury of being unreachable.",details/RST-003.csv,5
RST-004,"Doing nothing, well, without guilt",RST,"Rest, sleep, idleness, doing nothing well",most,"Available to most people, given ordinary circumstances",any,Any age,none,Needs nothing but being alive and present,,0,*,primary,,2000,2026,5,3,0,0,0,0,5,estimate,low,"Rest, and the specific luxury of being unreachable.",details/RST-004.csv,5
RST-005,A nap that was not needed but was taken,RST,"Rest, sleep, idleness, doing nothing well",most,"Available to most people, given ordinary circumstances",any,Any age,none,Needs nothing but being alive and present,,0,*,primary,,2000,2026,4,3,0,0,0,0,5,estimate,low,"Rest, and the specific luxury of being unreachable.",details/RST-005.csv,5
RST-006,Being between two jobs with money in the bank,RST,"Rest, sleep, idleness, doing nothing well",most,"Available to most people, given ordinary circumstances",adult,35-54,time,Needs a quantity of uninterrupted time,work;money,2,*,primary,,2000,2026,5,3,0,0,0,0,5,estimate,low,"Rest, and the specific luxury of being unreachable.",details/RST-006.csv,5
RST-007,A holiday where nothing was planned,RST,"Rest, sleep, idleness, doing nothing well",most,"Available to most people, given ordinary circumstances",any,Any age,time,Needs a quantity of uninterrupted time,work;money,2,*,primary,,2000,2026,5,3,0,0,0,0,5,estimate,low,"Rest, and the specific luxury of being unreachable.",details/RST-007.csv,5
RST-008,Sitting somewhere with nothing to do and no guilt,RST,"Rest, sleep, idleness, doing nothing well",most,"Available to most people, given ordinary circumstances",any,Any age,none,Needs nothing but being alive and present,,0,*,primary,,2000,2026,5,3,0,0,0,0,5,estimate,low,"Rest, and the specific luxury of being unreachable.",details/RST-008.csv,5
HUM-001,Laughing until it becomes difficult to breathe,HUM,"Laughing, joking, being silly with people",most,"Available to most people, given ordinary circumstances",any,Any age,others,Needs at least one other person,,0,*,primary,,2000,2026,5,3,0,0,0,0,5,estimate,low,"Laughing, which is one of the few goods that cannot be done convincingly alone.",details/HUM-001.csv,5
HUM-002,A joke that only four people on earth would get,HUM,"Laughing, joking, being silly with people",most,"Available to most people, given ordinary circumstances",any,Any age,others,Needs at least one other person,family,1,*,primary,,2000,2026,5,3,0,0,0,0,5,estimate,low,"Laughing, which is one of the few goods that cannot be done convincingly alone.",details/HUM-002.csv,5
HUM-003,Somebody being funny at exactly the wrong moment,HUM,"Laughing, joking, being silly with people",most,"Available to most people, given ordinary circumstances",any,Any age,others,Needs at least one other person,,0,*,primary,,2000,2026,5,3,0,0,0,0,5,estimate,low,"Laughing, which is one of the few goods that cannot be done convincingly alone.",details/HUM-003.csv,5
HUM-004,A nickname that stuck for thirty years,HUM,"Laughing, joking, being silly with people",most,"Available to most people, given ordinary circumstances",any,Any age,others,Needs at least one other person,family,1,*,primary,,2000,2026,5,3,0,0,0,0,5,estimate,low,"Laughing, which is one of the few goods that cannot be done convincingly alone.",details/HUM-004.csv,5
HUM-005,Being mocked affectionately by people who love you,HUM,"Laughing, joking, being silly with people",most,"Available to most people, given ordinary circumstances",any,Any age,others,Needs at least one other person,family,1,*,primary,,2000,2026,5,3,0,0,0,0,5,estimate,low,"Laughing, which is one of the few goods that cannot be done convincingly alone.",details/HUM-005.csv,5
HUM-006,A story that gets funnier every time it is told,HUM,"Laughing, joking, being silly with people",most,"Available to most people, given ordinary circumstances",any,Any age,others,Needs at least one other person,family,1,*,primary,,2000,2026,5,3,0,0,0,0,5,estimate,low,"Laughing, which is one of the few goods that cannot be done convincingly alone.",details/HUM-006.csv,5
HUM-007,"Laughing at a funeral, appropriately",HUM,"Laughing, joking, being silly with people",most,"Available to most people, given ordinary circumstances",any,Any age,others,Needs at least one other person,,0,*,primary,,2000,2026,5,3,0,0,0,0,5,estimate,low,"Laughing, which is one of the few goods that cannot be done convincingly alone.",details/HUM-007.csv,5
HUM-008,"Somebody doing an impression of you, accurately",HUM,"Laughing, joking, being silly with people",most,"Available to most people, given ordinary circumstances",any,Any age,others,Needs at least one other person,,0,*,primary,,2000,2026,4,3,0,0,0,0,5,estimate,low,"Laughing, which is one of the few goods that cannot be done convincingly alone.",details/HUM-008.csv,5
FTH-001,"A prayer said properly, without hurrying",FTH,"Faith, prayer, meaning, the practice",most,"Available to most people, given ordinary circumstances",any,Any age,none,Needs nothing but being alive and present,,0,*,primary,,2000,2026,5,3,0,0,0,0,5,estimate,low,"Practice, meaning, and the structure a belief puts on a week.",details/FTH-001.csv,5
FTH-002,"The month of fasting, and the discipline of it",FTH,"Faith, prayer, meaning, the practice",most,"Available to most people, given ordinary circumstances",any,Any age,others,Needs at least one other person,family,1,*,primary,,2000,2026,5,3,0,0,0,0,5,estimate,low,"Practice, meaning, and the structure a belief puts on a week.",details/FTH-002.csv,5
FTH-003,A building that has been used for this for centuries,FTH,"Faith, prayer, meaning, the practice",most,"Available to most people, given ordinary circumstances",any,Any age,place,"Needs a specific place - a coast, a grove, a hall",land;weather,2,*,primary,,2000,2026,5,3,0,0,0,0,5,estimate,low,"Practice, meaning, and the structure a belief puts on a week.",details/FTH-003.csv,5
FTH-004,Being part of a congregation that knows your name,FTH,"Faith, prayer, meaning, the practice",most,"Available to most people, given ordinary circumstances",any,Any age,others,Needs at least one other person,family,1,*,primary,,2000,2026,5,3,0,0,0,0,5,estimate,low,"Practice, meaning, and the structure a belief puts on a week.",details/FTH-004.csv,5
FTH-005,A text read at the right moment in your life,FTH,"Faith, prayer, meaning, the practice",most,"Available to most people, given ordinary circumstances",any,Any age,none,Needs nothing but being alive and present,,0,*,primary,,2000,2026,5,3,0,0,0,0,5,estimate,low,"Practice, meaning, and the structure a belief puts on a week.",details/FTH-005.csv,5
FTH-006,A pilgrimage completed,FTH,"Faith, prayer, meaning, the practice",most,"Available to most people, given ordinary circumstances",adult,35-54,travel_intl,Needs to cross an international border,visa;border;airport;documents;money,5,*,primary,,2000,2026,5,3,0,0,0,0,5,estimate,low,"Practice, meaning, and the structure a belief puts on a week.",details/FTH-006.csv,5
FTH-007,Being at peace with something you cannot change,FTH,"Faith, prayer, meaning, the practice",most,"Available to most people, given ordinary circumstances",midlife,45-64,none,Needs nothing but being alive and present,,0,*,primary,,2000,2026,5,3,0,0,0,0,5,estimate,low,"Practice, meaning, and the structure a belief puts on a week.",details/FTH-007.csv,5
FTH-008,A ritual that carried you through a bad year,FTH,"Faith, prayer, meaning, the practice",most,"Available to most people, given ordinary circumstances",any,Any age,none,Needs nothing but being alive and present,,0,*,primary,,2000,2026,5,3,0,0,0,0,5,estimate,low,"Practice, meaning, and the structure a belief puts on a week.",details/FTH-008.csv,5
FTH-009,Faith that survived being questioned,FTH,"Faith, prayer, meaning, the practice",most,"Available to most people, given ordinary circumstances",adult,35-54,none,Needs nothing but being alive and present,,0,*,primary,,2000,2026,5,3,0,0,0,0,5,estimate,low,"Practice, meaning, and the structure a belief puts on a week.",details/FTH-009.csv,5
CMT-001,Being known by name in a shop you use,CMT,"Community, service, being useful to people",most,"Available to most people, given ordinary circumstances",any,Any age,none,Needs nothing but being alive and present,,0,*,primary,,2000,2026,5,3,0,0,0,0,5,estimate,low,Being useful to people who are not related to you.,details/CMT-001.csv,5
CMT-002,Turning up for somebody's difficult day,CMT,"Community, service, being useful to people",most,"Available to most people, given ordinary circumstances",any,Any age,others,Needs at least one other person,,0,*,primary,,2000,2026,5,3,0,0,0,0,5,estimate,low,Being useful to people who are not related to you.,details/CMT-002.csv,5
CMT-003,A neighbour who has your spare key,CMT,"Community, service, being useful to people",most,"Available to most people, given ordinary circumstances",any,Any age,others,Needs at least one other person,,0,*,primary,,2000,2026,5,3,0,0,0,0,5,estimate,low,Being useful to people who are not related to you.,details/CMT-003.csv,5
CMT-004,Organising something that worked,CMT,"Community, service, being useful to people",most,"Available to most people, given ordinary circumstances",adult,35-54,others,Needs at least one other person,money,1,*,primary,,2000,2026,5,3,0,0,0,0,5,estimate,low,Being useful to people who are not related to you.,details/CMT-004.csv,5
CMT-005,Teaching somebody for free,CMT,"Community, service, being useful to people",most,"Available to most people, given ordinary circumstances",adult,35-54,others,Needs at least one other person,,0,*,primary,,2000,2026,5,3,0,0,0,0,5,estimate,low,Being useful to people who are not related to you.,details/CMT-005.csv,5
CMT-006,Being part of something larger and voluntary,CMT,"Community, service, being useful to people",most,"Available to most people, given ordinary circumstances",any,Any age,others,Needs at least one other person,security,1,*,primary,,2000,2026,5,3,0,0,0,0,5,estimate,low,Being useful to people who are not related to you.,details/CMT-006.csv,5
CMT-007,A street that looks after its own,CMT,"Community, service, being useful to people",most,"Available to most people, given ordinary circumstances",any,Any age,none,Needs nothing but being alive and present,,0,*,primary,,2000,2026,5,3,0,0,0,0,5,estimate,low,Being useful to people who are not related to you.,details/CMT-007.csv,5
CMT-008,Giving away something you needed slightly,CMT,"Community, service, being useful to people",most,"Available to most people, given ordinary circumstances",any,Any age,money_small,Needs a small amount of money,money,1,*,primary,,2000,2026,5,3,0,0,0,0,5,estimate,low,Being useful to people who are not related to you.,details/CMT-008.csv,5
CMT-009,Being asked to speak for a group,CMT,"Community, service, being useful to people",most,"Available to most people, given ordinary circumstances",adult,35-54,others,Needs at least one other person,,0,*,primary,,2000,2026,4,3,0,0,0,0,5,estimate,low,Being useful to people who are not related to you.,details/CMT-009.csv,5
CMT-010,A collection taken up without being asked,CMT,"Community, service, being useful to people",most,"Available to most people, given ordinary circumstances",any,Any age,others,Needs at least one other person,money,1,*,primary,,2000,2026,5,3,0,0,0,0,5,estimate,low,Being useful to people who are not related to you.,details/CMT-010.csv,5
TEC-001,A video call that made the distance smaller,TEC,"Tools, gadgets, being connected, the thing that worked",most,"Available to most people, given ordinary circumstances",any,Any age,power,"Needs electricity, connectivity or equipment",power;platform,2,*,primary,,2000,2026,5,3,0,0,0,0,5,estimate,low,Tools and connection: the thing that worked when it was needed.,details/TEC-001.csv,5
TEC-002,A photograph arriving from somebody far away,TEC,"Tools, gadgets, being connected, the thing that worked",most,"Available to most people, given ordinary circumstances",any,Any age,power,"Needs electricity, connectivity or equipment",power;platform,2,*,primary,,2000,2026,5,3,0,0,0,0,5,estimate,low,Tools and connection: the thing that worked when it was needed.,details/TEC-002.csv,5
TEC-003,Finding the answer in ninety seconds,TEC,"Tools, gadgets, being connected, the thing that worked",most,"Available to most people, given ordinary circumstances",any,Any age,power,"Needs electricity, connectivity or equipment",power;platform,2,*,primary,,2000,2026,4,3,0,0,0,0,5,estimate,low,Tools and connection: the thing that worked when it was needed.,details/TEC-003.csv,5
TEC-004,A tool that did exactly what it said,TEC,"Tools, gadgets, being connected, the thing that worked",most,"Available to most people, given ordinary circumstances",any,Any age,money_small,Needs a small amount of money,money,1,*,primary,,2000,2026,4,3,0,0,0,0,5,estimate,low,Tools and connection: the thing that worked when it was needed.,details/TEC-004.csv,5
TEC-005,Backing something up before losing it,TEC,"Tools, gadgets, being connected, the thing that worked",most,"Available to most people, given ordinary circumstances",adult,35-54,power,"Needs electricity, connectivity or equipment",power;platform,2,*,primary,,2000,2026,4,3,0,0,0,0,5,estimate,low,Tools and connection: the thing that worked when it was needed.,details/TEC-005.csv,5
TEC-006,A recording of somebody's voice you still have,TEC,"Tools, gadgets, being connected, the thing that worked",most,"Available to most people, given ordinary circumstances",any,Any age,power,"Needs electricity, connectivity or equipment",power;platform,2,*,primary,,2000,2026,5,3,0,0,0,0,5,estimate,low,Tools and connection: the thing that worked when it was needed.,details/TEC-006.csv,5
TEC-007,Being reachable by the person who needed you,TEC,"Tools, gadgets, being connected, the thing that worked",most,"Available to most people, given ordinary circumstances",any,Any age,power,"Needs electricity, connectivity or equipment",power;platform,2,*,primary,,2000,2026,5,3,0,0,0,0,5,estimate,low,Tools and connection: the thing that worked when it was needed.,details/TEC-007.csv,5
TEC-008,Learning something from a stranger on the internet,TEC,"Tools, gadgets, being connected, the thing that worked",most,"Available to most people, given ordinary circumstances",any,Any age,power,"Needs electricity, connectivity or equipment",power;platform,2,*,primary,,2000,2026,4,3,0,0,0,0,5,estimate,low,Tools and connection: the thing that worked when it was needed.,details/TEC-008.csv,5
MIL-001,Turning eighteen and it meaning something,MIL,Milestones and passages,most,"Available to most people, given ordinary circumstances",adolescence,13-19,documents,"Needs paperwork, an ID, a certificate or a permit",documents;registry;discretion,3,*,primary,,2000,2026,4,3,0,0,0,0,5,estimate,low,The passages: the days that divide a life into before and after.,details/MIL-001.csv,5
MIL-002,A first passport,MIL,Milestones and passages,most,"Available to most people, given ordinary circumstances",any,Any age,documents,"Needs paperwork, an ID, a certificate or a permit",documents;registry;discretion,3,*,primary,,2000,2026,5,3,0,0,0,0,5,estimate,low,The passages: the days that divide a life into before and after.,details/MIL-002.csv,5
MIL-003,A driving licence,MIL,Milestones and passages,most,"Available to most people, given ordinary circumstances",young_adult,20-34,documents,"Needs paperwork, an ID, a certificate or a permit",documents;registry;discretion;money,4,*,primary,,2000,2026,5,3,0,0,0,0,5,estimate,low,The passages: the days that divide a life into before and after.,details/MIL-003.csv,5
MIL-004,"Citizenship, after a long time",MIL,Milestones and passages,most,"Available to most people, given ordinary circumstances",adult,35-54,documents,"Needs paperwork, an ID, a certificate or a permit",documents;registry;discretion;status;money,5,*,primary,,2000,2026,5,3,0,0,0,0,5,estimate,low,The passages: the days that divide a life into before and after.,details/MIL-004.csv,5
MIL-005,Moving out for the first time,MIL,Milestones and passages,most,"Available to most people, given ordinary circumstances",young_adult,20-34,money_large,Needs substantial money,money;banking;land,3,*,primary,,2000,2026,5,3,0,0,0,0,5,estimate,low,The passages: the days that divide a life into before and after.,details/MIL-005.csv,5
MIL-006,The last day of a long obligation,MIL,Milestones and passages,most,"Available to most people, given ordinary circumstances",any,Any age,institution,"Needs a school, employer, bank or state to cooperate",credential;discretion;work,3,*,primary,,2000,2026,5,3,0,0,0,0,5,estimate,low,The passages: the days that divide a life into before and after.,details/MIL-006.csv,5
MIL-007,A birthday that felt like an achievement,MIL,Milestones and passages,most,"Available to most people, given ordinary circumstances",any,Any age,others,Needs at least one other person,,0,*,primary,,2000,2026,4,3,0,0,0,0,5,estimate,low,The passages: the days that divide a life into before and after.,details/MIL-007.csv,5
MIL-008,Retiring on purpose rather than by force,MIL,Milestones and passages,most,"Available to most people, given ordinary circumstances",later_life,65+,institution,"Needs a school, employer, bank or state to cooperate",credential;discretion;work;money,4,*,primary,,2000,2026,5,3,0,0,0,0,5,estimate,low,The passages: the days that divide a life into before and after.,details/MIL-008.csv,5
MIL-009,Coming home after a long absence,MIL,Milestones and passages,most,"Available to most people, given ordinary circumstances",any,Any age,travel_intl,Needs to cross an international border,visa;border;airport;documents,4,*,primary,,2000,2026,5,3,0,0,0,0,5,estimate,low,The passages: the days that divide a life into before and after.,details/MIL-009.csv,5
LEG-001,Being asked what it was like,LEG,"Elderhood, legacy, being remembered",most,"Available to most people, given ordinary circumstances",later_life,65+,others,Needs at least one other person,family,1,*,primary,,2000,2026,5,3,0,0,0,0,5,estimate,low,"Later life, and what is left behind on purpose.",details/LEG-001.csv,5
LEG-002,Teaching a grandchild something specific,LEG,"Elderhood, legacy, being remembered",most,"Available to most people, given ordinary circumstances",later_life,65+,others,Needs at least one other person,family,1,*,primary,,2000,2026,5,3,0,0,0,0,5,estimate,low,"Later life, and what is left behind on purpose.",details/LEG-002.csv,5
LEG-003,A tree you planted that is now large,LEG,"Elderhood, legacy, being remembered",most,"Available to most people, given ordinary circumstances",later_life,65+,place,"Needs a specific place - a coast, a grove, a hall",land;weather,2,*,primary,,2000,2026,5,3,0,0,0,0,5,estimate,low,"Later life, and what is left behind on purpose.",details/LEG-003.csv,5
LEG-004,Work of yours still in use,LEG,"Elderhood, legacy, being remembered",most,"Available to most people, given ordinary circumstances",later_life,65+,none,Needs nothing but being alive and present,,0,*,primary,,2000,2026,5,3,0,0,0,0,5,estimate,low,"Later life, and what is left behind on purpose.",details/LEG-004.csv,5
LEG-005,A recipe that is now somebody else's,LEG,"Elderhood, legacy, being remembered",most,"Available to most people, given ordinary circumstances",later_life,65+,others,Needs at least one other person,family,1,*,primary,,2000,2026,5,3,0,0,0,0,5,estimate,low,"Later life, and what is left behind on purpose.",details/LEG-005.csv,5
LEG-006,Being the one who remembers everybody,LEG,"Elderhood, legacy, being remembered",most,"Available to most people, given ordinary circumstances",later_life,65+,none,Needs nothing but being alive and present,,0,*,primary,,2000,2026,4,3,0,0,0,0,5,estimate,low,"Later life, and what is left behind on purpose.",details/LEG-006.csv,5
LEG-007,Writing it down before it was lost,LEG,"Elderhood, legacy, being remembered",most,"Available to most people, given ordinary circumstances",later_life,65+,none,Needs nothing but being alive and present,,0,*,primary,,2000,2026,5,3,0,0,0,0,5,estimate,low,"Later life, and what is left behind on purpose.",details/LEG-007.csv,5
LEG-008,A name passed on deliberately,LEG,"Elderhood, legacy, being remembered",most,"Available to most people, given ordinary circumstances",later_life,65+,others,Needs at least one other person,family;registry,2,*,primary,,2000,2026,5,3,0,0,0,0,5,estimate,low,"Later life, and what is left behind on purpose.",details/LEG-008.csv,5
LEG-009,"Dying having been loved, which is the whole of it",LEG,"Elderhood, legacy, being remembered",most,"Available to most people, given ordinary circumstances",later_life,65+,others,Needs at least one other person,,0,*,primary,,2000,2026,5,3,0,0,0,0,5,estimate,low,"Later life, and what is left behind on purpose.",details/LEG-009.csv,5
LUK-001,"Missing the thing that went wrong, by chance",LUK,"Luck, serendipity, the unearned good",anyone,"Available to essentially anyone, anywhere",any,Any age,none,Needs nothing but being alive and present,,0,*,primary,,2000,2026,5,3,0,0,0,0,5,estimate,low,The unearned good: things that simply went your way.,details/LUK-001.csv,5
LUK-002,"Meeting the person who changed it, at random",LUK,"Luck, serendipity, the unearned good",anyone,"Available to essentially anyone, anywhere",any,Any age,none,Needs nothing but being alive and present,,0,*,primary,,2000,2026,5,3,0,0,0,0,5,estimate,low,The unearned good: things that simply went your way.,details/LUK-002.csv,5
LUK-003,Being in the right queue,LUK,"Luck, serendipity, the unearned good",anyone,"Available to essentially anyone, anywhere",any,Any age,none,Needs nothing but being alive and present,,0,*,primary,,2000,2026,4,3,0,0,0,0,5,estimate,low,The unearned good: things that simply went your way.,details/LUK-003.csv,5
LUK-004,The weather holding for the one day it mattered,LUK,"Luck, serendipity, the unearned good",anyone,"Available to essentially anyone, anywhere",any,Any age,none,Needs nothing but being alive and present,weather,1,*,primary,,2000,2026,4,3,0,0,0,0,5,estimate,low,The unearned good: things that simply went your way.,details/LUK-004.csv,5
LUK-005,A stranger's small kindness at a bad moment,LUK,"Luck, serendipity, the unearned good",anyone,"Available to essentially anyone, anywhere",any,Any age,none,Needs nothing but being alive and present,,0,*,primary,,2000,2026,5,3,0,0,0,0,5,estimate,low,The unearned good: things that simply went your way.,details/LUK-005.csv,5
LUK-006,Finding the thing you thought was gone,LUK,"Luck, serendipity, the unearned good",anyone,"Available to essentially anyone, anywhere",any,Any age,none,Needs nothing but being alive and present,,0,*,primary,,2000,2026,4,3,0,0,0,0,5,estimate,low,The unearned good: things that simply went your way.,details/LUK-006.csv,5
LUK-007,An official who decided to be helpful,LUK,"Luck, serendipity, the unearned good",anyone,"Available to essentially anyone, anywhere",any,Any age,none,Needs nothing but being alive and present,discretion,1,*,primary,,2000,2026,5,3,0,0,0,0,5,estimate,low,The unearned good: things that simply went your way.,details/LUK-007.csv,5
LUK-008,Being given the benefit of the doubt,LUK,"Luck, serendipity, the unearned good",anyone,"Available to essentially anyone, anywhere",any,Any age,none,Needs nothing but being alive and present,discretion,1,*,primary,,2000,2026,5,3,0,0,0,0,5,estimate,low,The unearned good: things that simply went your way.,details/LUK-008.csv,5
LUK-009,A delay that turned out to be fortunate,LUK,"Luck, serendipity, the unearned good",anyone,"Available to essentially anyone, anywhere",any,Any age,none,Needs nothing but being alive and present,,0,*,primary,,2000,2026,4,3,0,0,0,0,5,estimate,low,The unearned good: things that simply went your way.,details/LUK-009.csv,5
REC-001,An apology that was actually meant,REC,"Repair: reconciliation, forgiveness, coming back",most,"Available to most people, given ordinary circumstances",any,Any age,others,Needs at least one other person,,0,*,primary,,2000,2026,5,3,0,0,0,0,5,estimate,low,Repair: the things that were broken and were mended.,details/REC-001.csv,5
REC-002,"A sibling you stopped speaking to, back",REC,"Repair: reconciliation, forgiveness, coming back",most,"Available to most people, given ordinary circumstances",adult,35-54,others,Needs at least one other person,family,1,*,primary,,2000,2026,5,3,0,0,0,0,5,estimate,low,Repair: the things that were broken and were mended.,details/REC-002.csv,5
REC-003,Forgiving somebody and meaning it,REC,"Repair: reconciliation, forgiveness, coming back",most,"Available to most people, given ordinary circumstances",adult,35-54,none,Needs nothing but being alive and present,,0,*,primary,,2000,2026,5,3,0,0,0,0,5,estimate,low,Repair: the things that were broken and were mended.,details/REC-003.csv,5
REC-004,A friendship resumed after years,REC,"Repair: reconciliation, forgiveness, coming back",most,"Available to most people, given ordinary circumstances",adult,35-54,others,Needs at least one other person,family,1,*,primary,,2000,2026,5,3,0,0,0,0,5,estimate,low,Repair: the things that were broken and were mended.,details/REC-004.csv,5
REC-005,Being forgiven for the thing you actually did,REC,"Repair: reconciliation, forgiveness, coming back",most,"Available to most people, given ordinary circumstances",adult,35-54,others,Needs at least one other person,,0,*,primary,,2000,2026,5,3,0,0,0,0,5,estimate,low,Repair: the things that were broken and were mended.,details/REC-005.csv,5
REC-006,A parent and child understanding each other late,REC,"Repair: reconciliation, forgiveness, coming back",most,"Available to most people, given ordinary circumstances",midlife,45-64,others,Needs at least one other person,family,1,*,primary,,2000,2026,5,3,0,0,0,0,5,estimate,low,Repair: the things that were broken and were mended.,details/REC-006.csv,5
REC-007,Making good on something you owed,REC,"Repair: reconciliation, forgiveness, coming back",most,"Available to most people, given ordinary circumstances",adult,35-54,money_small,Needs a small amount of money,money,1,*,primary,,2000,2026,5,3,0,0,0,0,5,estimate,low,Repair: the things that were broken and were mended.,details/REC-007.csv,5
REC-008,Letting go of a grudge that cost you,REC,"Repair: reconciliation, forgiveness, coming back",most,"Available to most people, given ordinary circumstances",midlife,45-64,none,Needs nothing but being alive and present,,0,*,primary,,2000,2026,5,3,0,0,0,0,5,estimate,low,Repair: the things that were broken and were mended.,details/REC-008.csv,5
FRE-001,Choosing where to live,FRE,"Freedom, autonomy, the choice being yours",most,"Available to most people, given ordinary circumstances",adult,35-54,documents,"Needs paperwork, an ID, a certificate or a permit",documents;registry;discretion;status;money;land,6,*,primary,,2000,2026,5,3,0,0,0,0,5,estimate,low,Autonomy: the choice being genuinely yours.,details/FRE-001.csv,5
FRE-002,Choosing who to marry,FRE,"Freedom, autonomy, the choice being yours",most,"Available to most people, given ordinary circumstances",young_adult,20-34,others,Needs at least one other person,family;gender,2,*,primary,,2000,2026,5,3,0,0,0,0,5,estimate,low,Autonomy: the choice being genuinely yours.,details/FRE-002.csv,5
FRE-003,Choosing the work,FRE,"Freedom, autonomy, the choice being yours",most,"Available to most people, given ordinary circumstances",adult,35-54,institution,"Needs a school, employer, bank or state to cooperate",credential;discretion;work,3,*,primary,,2000,2026,5,3,0,0,0,0,5,estimate,low,Autonomy: the choice being genuinely yours.,details/FRE-003.csv,5
FRE-004,Saying no without consequence,FRE,"Freedom, autonomy, the choice being yours",most,"Available to most people, given ordinary circumstances",any,Any age,none,Needs nothing but being alive and present,gender,1,*,primary,,2000,2026,5,3,0,0,0,0,5,estimate,low,Autonomy: the choice being genuinely yours.,details/FRE-004.csv,5
FRE-005,Travelling without asking anybody,FRE,"Freedom, autonomy, the choice being yours",most,"Available to most people, given ordinary circumstances",adult,35-54,travel_intl,Needs to cross an international border,visa;border;airport;documents;gender,5,*,primary,,2000,2026,5,3,0,0,0,0,5,estimate,low,Autonomy: the choice being genuinely yours.,details/FRE-005.csv,5
FRE-006,Spending your own money how you like,FRE,"Freedom, autonomy, the choice being yours",most,"Available to most people, given ordinary circumstances",adult,35-54,money_small,Needs a small amount of money,money;gender,2,*,primary,,2000,2026,5,3,0,0,0,0,5,estimate,low,Autonomy: the choice being genuinely yours.,details/FRE-006.csv,5
FRE-007,Speaking without calculating the cost,FRE,"Freedom, autonomy, the choice being yours",most,"Available to most people, given ordinary circumstances",any,Any age,none,Needs nothing but being alive and present,police;status,2,*,primary,,2000,2026,5,3,0,0,0,0,5,estimate,low,Autonomy: the choice being genuinely yours.,details/FRE-007.csv,5
FRE-008,Changing your mind publicly,FRE,"Freedom, autonomy, the choice being yours",most,"Available to most people, given ordinary circumstances",any,Any age,none,Needs nothing but being alive and present,,0,*,primary,,2000,2026,4,3,0,0,0,0,5,estimate,low,Autonomy: the choice being genuinely yours.,details/FRE-008.csv,5
FRE-009,An unsupervised afternoon as a young woman,FRE,"Freedom, autonomy, the choice being yours",most,"Available to most people, given ordinary circumstances",adolescence,13-19,none,Needs nothing but being alive and present,gender;security,2,*,primary,,2000,2026,5,3,0,0,0,0,5,estimate,low,Autonomy: the choice being genuinely yours.,details/FRE-009.csv,5
BEA-001,A building that made you stop talking,BEA,Beauty and awe,most,"Available to most people, given ordinary circumstances",any,Any age,travel_local,Needs to move around your own town,transport;security,2,*,primary,,2000,2026,5,3,0,0,0,0,5,estimate,low,Awe: the moments that are simply larger than you.,details/BEA-001.csv,5
BEA-002,Music that did something physical to you,BEA,Beauty and awe,most,"Available to most people, given ordinary circumstances",any,Any age,none,Needs nothing but being alive and present,,0,*,primary,,2000,2026,5,3,0,0,0,0,5,estimate,low,Awe: the moments that are simply larger than you.,details/BEA-002.csv,5
BEA-003,A landscape that did not photograph,BEA,Beauty and awe,most,"Available to most people, given ordinary circumstances",any,Any age,place,"Needs a specific place - a coast, a grove, a hall",land;weather,2,*,primary,,2000,2026,5,3,0,0,0,0,5,estimate,low,Awe: the moments that are simply larger than you.,details/BEA-003.csv,5
BEA-004,"Somebody extremely good at something, close up",BEA,Beauty and awe,most,"Available to most people, given ordinary circumstances",any,Any age,others,Needs at least one other person,,0,*,primary,,2000,2026,5,3,0,0,0,0,5,estimate,low,Awe: the moments that are simply larger than you.,details/BEA-004.csv,5
BEA-005,A poem that said the thing exactly,BEA,Beauty and awe,most,"Available to most people, given ordinary circumstances",any,Any age,none,Needs nothing but being alive and present,,0,*,primary,,2000,2026,5,3,0,0,0,0,5,estimate,low,Awe: the moments that are simply larger than you.,details/BEA-005.csv,5
BEA-006,"Light through something, at the right angle",BEA,Beauty and awe,most,"Available to most people, given ordinary circumstances",any,Any age,none,Needs nothing but being alive and present,,0,*,primary,,2000,2026,5,3,0,0,0,0,5,estimate,low,Awe: the moments that are simply larger than you.,details/BEA-006.csv,5
BEA-007,"The sea, the first time",BEA,Beauty and awe,most,"Available to most people, given ordinary circumstances",childhood,4-12,travel_domestic,Needs to cross your own country,transport;security;police;money,4,*,primary,,2000,2026,5,3,0,0,0,0,5,estimate,low,Awe: the moments that are simply larger than you.,details/BEA-007.csv,5
BEA-008,Realising the scale of something,BEA,Beauty and awe,most,"Available to most people, given ordinary circumstances",any,Any age,none,Needs nothing but being alive and present,,0,*,primary,,2000,2026,5,3,0,0,0,0,5,estimate,low,Awe: the moments that are simply larger than you.,details/BEA-008.csv,5
BEA-009,"A voice, live, in a room",BEA,Beauty and awe,most,"Available to most people, given ordinary circumstances",any,Any age,others,Needs at least one other person,money,1,*,primary,,2000,2026,5,3,0,0,0,0,5,estimate,low,Awe: the moments that are simply larger than you.,details/BEA-009.csv,5
